received_time,icao,call_sign,lat,lon,bara_alt,gnss_alt,speed,heading,vertical_rate,speed_type,unix_time
2019-11-27 16:26:47,ACA309,,,,,,453.0,30.92,-704.0,GS,1574872007
2019-11-27 16:34:11,ACA309,,41.046409999999995,-89.00449,18825.0,,,,,,1574872451
2019-11-27 16:34:14,ACA309,,41.05083,-88.99918000000001,18725.0,,,,,,1574872454
2019-11-27 16:34:29,ACA309,,41.07216,-88.97339000000001,18250.0,,,,,,1574872469
2019-11-27 16:35:49,ACA309,,41.18312,-88.83917,15700.0,,,,,,1574872549
2019-11-27 16:37:25,ACA309,,,,,,376.0,42.42,-1792.0,GS,1574872645
2019-11-27 16:37:38,ACA309,,41.32732,-88.66455,12450.0,,,,,,1574872658
2019-11-27 16:37:41,ACA309,,41.33098,-88.6601,12350.0,,,,,,1574872661
2019-11-27 16:38:07,ACA309,,41.36371,-88.62024,11600.0,,,,,,1574872687
2019-11-27 16:38:13,ACA309,,,,,,,,,,1574872693
2019-11-27 16:38:21,ACA309,AAL1393,,,,,370.0,42.48,-64.0,GS,1574872701
2019-11-27 16:39:11,ACA309,AAL1393,41.44455,-88.52377,11450.0,,,,,,1574872751
2019-11-27 16:41:39,ACA309,AAL1393,,,,,361.0,41.98,0.0,GS,1574872899
2019-11-27 16:41:47,ACA309,AAL1393,41.6441,-88.28543,11425.0,,,,,,1574872907
2019-11-27 16:42:14,ACA309,AAL1393,41.67453,-88.24937,11325.0,,,,,,1574872934
2019-11-27 16:42:20,ACA309,AAL1393,41.68143,-88.24123,11250.0,,,,,,1574872940
2019-11-27 16:43:13,ACA309,AAL1393,41.73836,-88.17448,10000.0,,,,,,1574872993
2019-11-27 16:43:20,ACA309,AAL1393,41.746,-88.16535,9800.0,,,,,,1574873000
2019-11-27 16:43:23,ACA309,AAL1393,,,,,307.0,42.24,-1728.0,GS,1574873003
2019-11-27 16:43:24,ACA309,AAL1393,41.75011,-88.16035,9675.0,,,,,,1574873004
2019-11-27 16:43:25,ACA309,AAL1393,,,,,307.0,42.24,-1728.0,GS,1574873005
2019-11-27 16:43:25,ACA309,AAL1393,41.75065,-88.15973000000001,9650.0,,,,,,1574873005
2019-11-27 16:43:43,ACA309,AAL1393,,,,,305.0,41.82,-1280.0,GS,1574873023
2019-11-27 16:43:45,ACA309,AAL1393,,,,,305.0,41.95,-1408.0,GS,1574873025
2019-11-27 16:43:47,ACA309,AAL1393,41.77412,-88.13156,9175.0,,,,,,1574873027
2019-11-27 16:43:47,ACA309,AAL1393,,,,,305.0,41.95,-1472.0,GS,1574873027
2019-11-27 16:43:50,ACA309,AAL1393,,,,,304.0,42.07,-1536.0,GS,1574873030
2019-11-27 16:43:53,ACA309,AAL1393,,,,,,,,,1574873033
2019-11-27 16:44:02,ACA309,AAL1393,,,,,304.0,42.34,-1536.0,GS,1574873042
2019-11-27 16:44:04,ACA309,AAL1393,41.79167,-88.11023,8750.0,,,,,,1574873044
2019-11-27 16:44:04,ACA309,AAL1393,,,,,304.0,42.34,-1536.0,GS,1574873044
2019-11-27 16:44:09,ACA309,AAL1393,,,,,304.0,42.07,-1600.0,GS,1574873049
2019-11-27 16:44:09,ACA309,AAL1393,,,,,304.0,41.81,-1600.0,GS,1574873049
2019-11-27 16:44:11,ACA309,AAL1393,,,,,304.0,41.81,-1600.0,GS,1574873051
2019-11-27 16:44:12,ACA309,AAL1393,,,,,303.0,41.66,-1600.0,GS,1574873052
2019-11-27 16:44:19,ACA309,AAL1393,,,,,305.0,42.48,-1600.0,GS,1574873059
2019-11-27 16:44:33,ACA309,AAL1393,,,,,,,,,1574873073
2019-11-27 16:44:43,ACA309,AAL1393,41.83141,-88.05935,7825.0,,,,,,1574873083
2019-11-27 16:44:48,ACA309,AAL1393,41.83635,-88.05266999999999,7725.0,,,,,,1574873088
2019-11-27 16:44:48,ACA309,AAL1393,41.83682,-88.05197,7725.0,,,,,,1574873088
2019-11-27 16:44:49,ACA309,AAL1393,41.83724,-88.05145999999999,7700.0,,,,,,1574873089
2019-11-27 16:44:54,ACA309,AAL1393,41.84287,-88.04379,7575.0,,,,,,1574873094
2019-11-27 16:44:58,ACA309,AAL1393,41.846790000000006,-88.0385,7525.0,,,,,,1574873098
2019-11-27 16:44:59,ACA309,AAL1393,41.8473,-88.03785,7500.0,,,,,,1574873099
2019-11-27 16:45:00,ACA309,AAL1393,41.84874,-88.03581,7500.0,,,,,,1574873100
2019-11-27 16:45:01,ACA309,AAL1393,41.84972,-88.03453,7475.0,,,,,,1574873101
2019-11-27 16:45:05,ACA309,AAL1393,41.853629999999995,-88.02923,7425.0,,,,,,1574873105
2019-11-27 16:45:08,ACA309,AAL1393,41.85585,-88.02620999999999,7425.0,,,,,,1574873108
2019-11-27 16:45:10,ACA309,AAL1393,41.85838,-88.02284,7425.0,,,,,,1574873110
2019-11-27 16:45:11,ACA309,AAL1393,41.85935,-88.0215,7425.0,,,,,,1574873111
2019-11-27 16:45:13,ACA309,AAL1393,41.86143,-88.01865,7425.0,,,,,,1574873113
2019-11-27 16:45:22,ACA309,AAL1393,41.86932,-88.00796,7425.0,,,,,,1574873122
2019-11-27 16:45:27,ACA309,AAL1393,41.87425,-87.9998,7425.0,,,,,,1574873127
2019-11-27 16:45:27,ACA309,AAL1393,,,,,298.0,52.9,0.0,GS,1574873127
2019-11-27 16:45:28,ACA309,AAL1393,,,,,299.0,54.51,0.0,GS,1574873128
2019-11-27 16:45:31,ACA309,AAL1393,,,,,301.0,57.47,0.0,GS,1574873131
2019-11-27 16:45:31,ACA309,AAL1393,41.87727,-87.99331,7425.0,,,,,,1574873131
2019-11-27 16:45:33,ACA309,AAL1393,,,,,302.0,60.47,-64.0,GS,1574873133
2019-11-27 16:45:33,ACA309,AAL1393,,,,,,,,,1574873133
2019-11-27 16:45:33,ACA309,AAL1393,41.87856,-87.99,7425.0,,,,,,1574873133
2019-11-27 16:45:35,ACA309,AAL1393,,,,,303.0,63.35,0.0,GS,1574873135
2019-11-27 16:45:35,ACA309,AAL1393,41.8797,-87.98656,7425.0,,,,,,1574873135
2019-11-27 16:45:37,ACA309,AAL1393,,,,,304.0,66.21,64.0,GS,1574873137
2019-11-27 16:45:37,ACA309,AAL1393,41.880720000000004,-87.98324000000001,7425.0,,,,,,1574873137
2019-11-27 16:45:38,ACA309,AAL1393,41.88098,-87.98239000000001,7425.0,,,,,,1574873138
2019-11-27 16:45:38,ACA309,AAL1393,41.881190000000004,-87.98145,7425.0,,,,,,1574873138
2019-11-27 16:45:38,ACA309,AAL1393,,,,,306.0,69.14,64.0,GS,1574873138
2019-11-27 16:45:40,ACA309,AAL1393,41.88194,-87.97839,7425.0,,,,,,1574873140
2019-11-27 16:45:40,ACA309,AAL1393,,,,,307.0,71.98,64.0,GS,1574873140
2019-11-27 16:45:41,ACA309,AAL1393,41.88216,-87.9773,7425.0,,,,,,1574873141
2019-11-27 16:45:43,ACA309,AAL1393,41.88304,-87.97246,7450.0,,,,,,1574873143
2019-11-27 16:45:43,ACA309,AAL1393,,,,,,,,,1574873143
2019-11-27 16:45:44,ACA309,AAL1393,41.88332,-87.97102,7450.0,,,,,,1574873144
2019-11-27 16:45:49,ACA309,AAL1393,,,,,311.0,84.47,-64.0,GS,1574873149
2019-11-27 16:45:50,ACA309,AAL1393,41.88431,-87.95859,7450.0,,,,,,1574873150
2019-11-27 16:45:51,ACA309,AAL1393,41.884370000000004,-87.95767,7450.0,,,,,,1574873151
2019-11-27 16:45:53,ACA309,AAL1393,,,,,312.0,87.98,-64.0,GS,1574873153
2019-11-27 16:45:54,ACA309,AAL1393,41.884370000000004,-87.95186,7425.0,,,,,,1574873154
2019-11-27 16:45:55,ACA309,AAL1393,,,,,312.0,89.63,0.0,GS,1574873155
2019-11-27 16:45:55,ACA309,AAL1393,41.88435,-87.94913000000001,7425.0,,,,,,1574873155
2019-11-27 16:45:56,ACA309,AAL1393,,,,,313.0,90.18,0.0,GS,1574873156
2019-11-27 16:45:56,ACA309,AAL1393,,,,,313.0,90.18,0.0,GS,1574873156
2019-11-27 16:45:58,ACA309,AAL1393,41.88431,-87.94466,7425.0,,,,,,1574873158
2019-11-27 16:46:01,ACA309,AAL1393,,,,,313.0,90.92,64.0,GS,1574873161
2019-11-27 16:46:02,ACA309,AAL1393,,,,,313.0,90.73,64.0,GS,1574873162
2019-11-27 16:46:03,ACA309,AAL1393,41.884190000000004,-87.93482,7450.0,,,,,,1574873163
2019-11-27 16:46:03,ACA309,AAL1393,41.884190000000004,-87.93401,7450.0,,,,,,1574873163
2019-11-27 16:46:03,ACA309,AAL1393,,,,,313.0,90.73,64.0,GS,1574873163
2019-11-27 16:46:04,ACA309,AAL1393,,,,,313.0,90.73,0.0,GS,1574873164
2019-11-27 16:46:04,ACA309,AAL1393,,,,,313.0,90.55,0.0,GS,1574873164
2019-11-27 16:46:05,ACA309,AAL1393,41.884170000000005,-87.9315,7450.0,,,,,,1574873165
2019-11-27 16:46:06,ACA309,AAL1393,41.884170000000005,-87.92933000000001,7425.0,,,,,,1574873166
2019-11-27 16:46:07,ACA309,AAL1393,,,,,313.0,90.37,64.0,GS,1574873167
2019-11-27 16:46:09,ACA309,AAL1393,41.88414,-87.9224,7450.0,,,,,,1574873169
2019-11-27 16:46:10,ACA309,AAL1393,41.88412,-87.92141,7425.0,,,,,,1574873170
2019-11-27 16:46:10,ACA309,AAL1393,,,,,314.0,90.36,-64.0,GS,1574873170
2019-11-27 16:46:11,ACA309,AAL1393,,,,,314.0,90.36,-64.0,GS,1574873171
2019-11-27 16:46:12,ACA309,AAL1393,41.88412,-87.91752,7425.0,,,,,,1574873172
2019-11-27 16:46:12,ACA309,AAL1393,,,,,314.0,90.36,0.0,GS,1574873172
2019-11-27 16:46:16,ACA309,AAL1393,41.88405,-87.90973000000001,7425.0,,,,,,1574873176
2019-11-27 16:46:16,ACA309,AAL1393,,,,,314.0,90.55,64.0,GS,1574873176
2019-11-27 16:46:18,ACA309,AAL1393,41.88405,-87.90567,7450.0,,,,,,1574873178
2019-11-27 16:46:21,ACA309,AAL1393,41.884029999999996,-87.89981999999999,7450.0,,,,,,1574873181
2019-11-27 16:46:22,ACA309,AAL1393,,,,,314.0,90.18,64.0,GS,1574873182
2019-11-27 16:46:24,ACA309,AAL1393,41.88399999999999,-87.89399999999999,7450.0,,,,,,1574873184
2019-11-27 16:46:24,ACA309,AAL1393,,,,,,,,,1574873184
2019-11-27 16:46:25,ACA309,AAL1393,,,,,314.0,90.18,0.0,GS,1574873185
2019-11-27 16:46:25,ACA309,AAL1393,41.884029999999996,-87.89184,7450.0,,,,,,1574873185
2019-11-27 16:46:26,ACA309,AAL1393,,,,,314.0,90.0,0.0,GS,1574873186
2019-11-27 16:46:26,ACA309,AAL1393,,,,,314.0,90.0,0.0,GS,1574873186
2019-11-27 16:46:27,ACA309,AAL1393,,,,,314.0,90.0,0.0,GS,1574873187
2019-11-27 16:46:27,ACA309,AAL1393,41.884029999999996,-87.88736999999999,7450.0,,,,,,1574873187
2019-11-27 16:46:28,ACA309,AAL1393,41.884029999999996,-87.88622,7450.0,,,,,,1574873188
2019-11-27 16:46:28,ACA309,AAL1393,41.884029999999996,-87.88545,7450.0,,,,,,1574873188
2019-11-27 16:46:29,ACA309,AAL1393,,,,,314.0,90.0,0.0,GS,1574873189
2019-11-27 16:46:29,ACA309,AAL1393,41.884029999999996,-87.88424,7450.0,,,,,,1574873189
2019-11-27 16:46:29,ACA309,AAL1393,,,,,,,,,1574873189
2019-11-27 16:46:29,ACA309,AAL1393,,,,,314.0,90.0,0.0,GS,1574873189
2019-11-27 16:46:30,ACA309,AAL1393,41.884029999999996,-87.88213,7450.0,,,,,,1574873190
2019-11-27 16:46:30,ACA309,AAL1393,41.884029999999996,-87.88136,7450.0,,,,,,1574873190
2019-11-27 16:46:31,ACA309,AAL1393,41.88399999999999,-87.8792,7450.0,,,,,,1574873191
2019-11-27 16:46:32,ACA309,AAL1393,,,,,314.0,89.82,-64.0,GS,1574873192
2019-11-27 16:46:33,ACA309,AAL1393,41.884029999999996,-87.8767,7450.0,,,,,,1574873193
2019-11-27 16:46:34,ACA309,AAL1393,41.88405,-87.87433,7425.0,,,,,,1574873194
2019-11-27 16:46:34,ACA309,AAL1393,,,,,314.0,89.82,-64.0,GS,1574873194
2019-11-27 16:46:34,ACA309,AAL1393,,,,,,,,,1574873194
2019-11-27 16:46:34,ACA309,AAL1393,41.884029999999996,-87.87338000000001,7425.0,,,,,,1574873194
2019-11-27 16:46:34,ACA309,AAL1393,,,,,314.0,89.82,-64.0,GS,1574873194
2019-11-27 16:46:35,ACA309,AAL1393,,,,,314.0,89.82,-64.0,GS,1574873195
2019-11-27 16:46:35,ACA309,AAL1393,41.88405,-87.87159,7425.0,,,,,,1574873195
2019-11-27 16:46:36,ACA309,AAL1393,,,,,314.0,89.82,0.0,GS,1574873196
2019-11-27 16:46:36,ACA309,AAL1393,,,,,314.0,89.82,0.0,GS,1574873196
2019-11-27 16:46:38,ACA309,AAL1393,,,,,314.0,89.82,0.0,GS,1574873198
2019-11-27 16:46:40,ACA309,AAL1393,,,,,314.0,89.82,0.0,GS,1574873200
2019-11-27 16:46:41,ACA309,AAL1393,41.88407,-87.86092,7425.0,,,,,,1574873201
2019-11-27 16:46:42,ACA309,AAL1393,41.88407,-87.85901,7425.0,,,,,,1574873202
2019-11-27 16:46:43,ACA309,AAL1393,,,,,313.0,89.63,0.0,GS,1574873203
2019-11-27 16:46:44,ACA309,AAL1393,,,,,313.0,89.63,0.0,GS,1574873204
2019-11-27 16:46:44,ACA309,AAL1393,,,,,,,,,1574873204
2019-11-27 16:46:45,ACA309,AAL1393,,,,,313.0,89.63,64.0,GS,1574873205
2019-11-27 16:46:45,ACA309,AAL1393,41.88409,-87.85236,7425.0,,,,,,1574873205
2019-11-27 16:46:45,ACA309,AAL1393,,,,,313.0,89.63,0.0,GS,1574873205
2019-11-27 16:46:46,ACA309,AAL1393,41.88414,-87.85043,7425.0,,,,,,1574873206
2019-11-27 16:46:47,ACA309,AAL1393,41.88412,-87.84949,7425.0,,,,,,1574873207
2019-11-27 16:46:47,ACA309,AAL1393,,,,,313.0,89.63,0.0,GS,1574873207
2019-11-27 16:46:48,ACA309,AAL1393,,,,,313.0,89.63,0.0,GS,1574873208
2019-11-27 16:46:49,ACA309,AAL1393,,,,,313.0,89.45,0.0,GS,1574873209
2019-11-27 16:46:49,ACA309,AAL1393,,,,,313.0,89.45,0.0,GS,1574873209
2019-11-27 16:46:49,ACA309,AAL1393,41.884170000000005,-87.84464,7425.0,,,,,,1574873209
2019-11-27 16:46:50,ACA309,AAL1393,,,,,313.0,89.45,0.0,GS,1574873210
2019-11-27 16:46:50,ACA309,AAL1393,41.884190000000004,-87.84231,7425.0,,,,,,1574873210
2019-11-27 16:46:51,ACA309,AAL1393,41.884190000000004,-87.84111999999999,7425.0,,,,,,1574873211
2019-11-27 16:46:52,ACA309,AAL1393,,,,,313.0,89.63,-64.0,GS,1574873212
2019-11-27 16:46:54,ACA309,AAL1393,,,,,,,,,1574873214
2019-11-27 16:46:55,ACA309,AAL1393,,,,,312.0,89.82,0.0,GS,1574873215
2019-11-27 16:46:55,ACA309,AAL1393,41.884209999999996,-87.83339000000001,7425.0,,,,,,1574873215
2019-11-27 16:46:55,ACA309,AAL1393,41.884190000000004,-87.83245,7425.0,,,,,,1574873215
2019-11-27 16:46:57,ACA309,AAL1393,,,,,312.0,90.0,0.0,GS,1574873217
2019-11-27 16:46:58,ACA309,AAL1393,41.884190000000004,-87.82683,7425.0,,,,,,1574873218
2019-11-27 16:46:59,ACA309,AAL1393,41.884190000000004,-87.82608,7425.0,,,,,,1574873219
2019-11-27 16:46:59,ACA309,AAL1393,,,,,,,,,1574873219
2019-11-27 16:47:00,ACA309,AAL1393,41.884209999999996,-87.82375,7425.0,,,,,,1574873220
2019-11-27 16:47:02,ACA309,AAL1393,41.88423,-87.82084,7425.0,,,,,,1574873222
2019-11-27 16:47:02,ACA309,AAL1393,41.88423,-87.82009000000001,7450.0,,,,,,1574873222
2019-11-27 16:47:02,ACA309,AAL1393,,,,,311.0,89.82,0.0,GS,1574873222
2019-11-27 16:47:03,ACA309,AAL1393,41.884209999999996,-87.81896,7450.0,,,,,,1574873223
2019-11-27 16:47:03,ACA309,AAL1393,41.88423,-87.81796999999999,7425.0,,,,,,1574873223
2019-11-27 16:47:03,ACA309,AAL1393,,,,,311.0,89.82,-64.0,GS,1574873223
2019-11-27 16:47:04,ACA309,AAL1393,,,,,,,,,1574873224
2019-11-27 16:47:08,ACA309,AAL1393,41.88426,-87.80874,7425.0,,,,,,1574873228
2019-11-27 16:47:09,ACA309,AAL1393,41.88426,-87.80663,7425.0,,,,,,1574873229
2019-11-27 16:47:09,ACA309,AAL1393,,,,,310.0,89.63,-512.0,GS,1574873229
2019-11-27 16:47:10,ACA309,AAL1393,,,,,310.0,89.45,-576.0,GS,1574873230
2019-11-27 16:47:12,ACA309,AAL1393,,,,,310.0,89.45,-1344.0,GS,1574873232
2019-11-27 16:47:12,ACA309,AAL1393,,,,,310.0,89.45,-1536.0,GS,1574873232
2019-11-27 16:47:13,ACA309,AAL1393,41.88431,-87.79954000000001,7350.0,,,,,,1574873233
2019-11-27 16:47:13,ACA309,AAL1393,,,,,309.0,89.44,-1920.0,GS,1574873233
2019-11-27 16:47:14,ACA309,AAL1393,,,,,309.0,89.44,-2112.0,GS,1574873234
2019-11-27 16:47:14,ACA309,AAL1393,,,,,,,,,1574873234
2019-11-27 16:47:16,ACA309,AAL1393,,,,,310.0,89.82,-2112.0,GS,1574873236
2019-11-27 16:47:16,ACA309,AAL1393,41.88431,-87.7936,7250.0,,,,,,1574873236
2019-11-27 16:47:16,ACA309,AAL1393,41.88432,-87.79262,7225.0,,,,,,1574873236
2019-11-27 16:47:17,ACA309,AAL1393,41.88432,-87.79144000000001,7200.0,,,,,,1574873237
2019-11-27 16:47:18,ACA309,AAL1393,41.88432,-87.78975,7175.0,,,,,,1574873238
2019-11-27 16:47:19,ACA309,AAL1393,41.88431,-87.78798,7125.0,,,,,,1574873239
2019-11-27 16:47:19,ACA309,AAL1393,,,,,310.0,90.37,-2368.0,GS,1574873239
2019-11-27 16:47:20,ACA309,AAL1393,,,,,310.0,90.37,-2368.0,GS,1574873240
2019-11-27 16:47:21,ACA309,AAL1393,41.88428,-87.78395,7050.0,,,,,,1574873241
2019-11-27 16:47:30,ACA309,AAL1393,,,,,313.0,90.73,-2240.0,GS,1574873250
2019-11-27 16:47:31,ACA309,AAL1393,,,,,313.0,90.73,-2176.0,GS,1574873251
2019-11-27 16:47:32,ACA309,AAL1393,,,,,313.0,90.73,-2176.0,GS,1574873252
2019-11-27 16:47:33,ACA309,AAL1393,41.88405,-87.76071999999999,6575.0,,,,,,1574873253
2019-11-27 16:47:36,ACA309,AAL1393,,,,,313.0,90.73,-1920.0,GS,1574873256
2019-11-27 16:47:37,ACA309,AAL1393,,,,,313.0,90.73,-2048.0,GS,1574873257
2019-11-27 16:47:38,ACA309,AAL1393,41.883959999999995,-87.7503,6400.0,,,,,,1574873258
2019-11-27 16:47:38,ACA309,AAL1393,,,,,313.0,90.73,-2048.0,GS,1574873258
2019-11-27 16:47:39,ACA309,AAL1393,,,,,313.0,90.73,-2112.0,GS,1574873259
2019-11-27 16:47:41,ACA309,AAL1393,,,,,313.0,90.73,-2240.0,GS,1574873261
2019-11-27 16:47:42,ACA309,AAL1393,41.88389,-87.74295,6275.0,,,,,,1574873262
2019-11-27 16:47:43,ACA309,AAL1393,41.88382,-87.74119,6225.0,,,,,,1574873263
2019-11-27 16:47:46,ACA309,AAL1393,41.883790000000005,-87.73535,6125.0,,,,,,1574873266
2019-11-27 16:47:51,ACA309,AAL1393,,,,,313.0,90.37,-1984.0,GS,1574873271
2019-11-27 16:47:52,ACA309,AAL1393,41.88373,-87.72352,5925.0,,,,,,1574873272
2019-11-27 16:48:28,ACA309,AAL1393,,,,,321.0,88.57,-256.0,GS,1574873308
2019-11-27 16:48:35,ACA309,AAL1393,,,,,321.0,88.93,-64.0,GS,1574873315
2019-11-27 16:48:46,ACA309,AAL1393,,,,,311.0,90.55,-256.0,GS,1574873326
2019-11-27 16:48:47,ACA309,AAL1393,,,,,311.0,90.55,-192.0,GS,1574873327
2019-11-27 16:48:47,ACA309,AAL1393,41.88469,-87.61391,5375.0,,,,,,1574873327
2019-11-27 16:48:50,ACA309,AAL1393,,,,,307.0,90.75,64.0,GS,1574873330
2019-11-27 16:48:50,ACA309,AAL1393,,,,,307.0,90.75,64.0,GS,1574873330
2019-11-27 16:48:56,ACA309,AAL1393,41.88449,-87.59834000000001,5400.0,,,,,,1574873336
2019-11-27 16:48:56,ACA309,AAL1393,,,,,298.0,91.92,384.0,GS,1574873336
2019-11-27 16:48:57,ACA309,AAL1393,41.884440000000005,-87.59636,5400.0,,,,,,1574873337
2019-11-27 16:48:58,ACA309,AAL1393,,,,,296.0,92.13,320.0,GS,1574873338
2019-11-27 16:49:00,ACA309,AAL1393,,,,,293.0,92.15,320.0,GS,1574873340
2019-11-27 16:49:13,ACA309,AAL1393,41.88391,-87.5679,5450.0,,,,,,1574873353
2019-11-27 16:49:25,ACA309,AAL1393,41.88387,-87.54799,5475.0,,,,,,1574873365
2019-11-27 16:49:26,ACA309,AAL1393,,,,,273.0,90.21,-192.0,GS,1574873366
2019-11-27 16:49:41,ACA309,AAL1393,41.8837,-87.5206,5450.0,,,,,,1574873381
2019-11-27 16:49:42,ACA309,AAL1393,41.8837,-87.51894,5450.0,,,,,,1574873382
2019-11-27 16:50:08,ACA309,AAL1393,,,,,,,,,1574873408
2019-11-27 16:50:23,ACA309,AAL1393,41.88393,-87.44868000000001,5475.0,,,,,,1574873423
2019-11-27 16:50:24,ACA309,AAL1393,,,,,276.0,88.75,-64.0,GS,1574873424
2019-11-27 16:50:41,ACA309,AAL1393,,,,,276.0,89.58,-64.0,GS,1574873441
2019-11-27 16:50:41,ACA309,AAL1393,41.884170000000005,-87.41751,5450.0,,,,,,1574873441
2019-11-27 16:50:41,ACA309,AAL1393,,,,,276.0,89.58,-64.0,GS,1574873441
2019-11-27 16:50:45,ACA309,AAL1393,,,,,276.0,89.79,-128.0,GS,1574873445
2019-11-27 16:50:48,ACA309,AAL1393,41.88414,-87.40629,5450.0,,,,,,1574873448
2019-11-27 16:50:48,ACA309,AAL1393,,,,,,,,,1574873448
2019-11-27 16:50:49,ACA309,AAL1393,41.88414,-87.40442,5425.0,,,,,,1574873449
2019-11-27 16:52:17,ACA309,AAL1393,41.934129999999996,-87.30904,5375.0,,,,,,1574873537
2019-11-27 16:52:18,ACA309,AAL1393,,,,,208.0,10.5,192.0,GS,1574873538
2019-11-27 16:52:22,ACA309,AAL1393,41.9384,-87.30829,5400.0,,,,,,1574873542
2019-11-27 16:52:22,ACA309,AAL1393,,,,,200.0,6.59,192.0,GS,1574873542
2019-11-27 16:52:35,ACA309,AAL1393,41.94892,-87.31129,5475.0,,,,,,1574873555
2019-11-27 16:53:03,ACA309,AAL1393,,,,,,,,,1574873583
2019-11-27 16:55:16,ACA309,AAL1393,41.965540000000004,-87.44932,5400.0,,,,,,1574873716
2019-11-27 16:55:52,ACA309,AAL1393,,,,,140.0,271.23,-128.0,GS,1574873752
2019-11-27 16:56:06,ACA309,AAL1393,41.965759999999996,-87.49218,5400.0,,,,,,1574873766
2019-11-27 16:56:16,ACA309,AAL1393,,,,,141.0,269.19,64.0,GS,1574873776
2019-11-27 16:56:18,ACA309,AAL1393,41.96567,-87.5028,5400.0,,,,,,1574873778
2019-11-27 16:56:19,ACA309,AAL1393,,,,,141.0,269.59,64.0,GS,1574873779
2019-11-27 16:56:22,ACA309,AAL1393,,,,,141.0,270.0,-64.0,GS,1574873782
2019-11-27 16:56:37,ACA309,AAL1393,41.96568,-87.51913,5400.0,,,,,,1574873797
2019-11-27 16:56:43,ACA309,AAL1393,41.965709999999994,-87.52439,5400.0,,,,,,1574873803
2019-11-27 16:56:45,ACA309,AAL1393,,,,,139.0,271.65,-320.0,GS,1574873805
2019-11-27 16:56:46,ACA309,AAL1393,41.96577,-87.5268,5375.0,,,,,,1574873806
2019-11-27 16:56:47,ACA309,AAL1393,41.96581,-87.52758,5375.0,,,,,,1574873807
2019-11-27 16:56:52,ACA309,AAL1393,41.9659,-87.53226,5400.0,,,,,,1574873812
2019-11-27 16:56:54,ACA309,AAL1393,41.96591,-87.53363,5400.0,,,,,,1574873814
2019-11-27 16:56:59,ACA309,AAL1393,,,,,137.0,269.58,0.0,GS,1574873819
2019-11-27 16:57:03,ACA309,AAL1393,41.9659,-87.54125,5400.0,,,,,,1574873823
2019-11-27 16:57:04,ACA309,AAL1393,,,,,140.0,269.59,128.0,GS,1574873824
2019-11-27 16:57:09,ACA309,AAL1393,41.96582,-87.54641,5400.0,,,,,,1574873829
2019-11-27 16:57:11,ACA309,AAL1393,41.96582,-87.54794,5400.0,,,,,,1574873831
2019-11-27 16:57:11,ACA309,AAL1393,,,,,141.0,268.78,-192.0,GS,1574873831
2019-11-27 16:57:11,ACA309,AAL1393,,,,,141.0,268.78,-128.0,GS,1574873831
2019-11-27 16:57:12,ACA309,AAL1393,,,,,141.0,268.78,0.0,GS,1574873832
2019-11-27 16:57:12,ACA309,AAL1393,41.965759999999996,-87.54936,5400.0,,,,,,1574873832
2019-11-27 16:57:13,ACA309,AAL1393,41.96577,-87.54979,5400.0,,,,,,1574873833
2019-11-27 16:57:13,ACA309,AAL1393,,,,,140.0,268.36,64.0,GS,1574873833
2019-11-27 16:57:14,ACA309,AAL1393,41.965759999999996,-87.55074,5400.0,,,,,,1574873834
2019-11-27 16:57:14,ACA309,AAL1393,,,,,140.0,268.36,64.0,GS,1574873834
2019-11-27 16:57:15,ACA309,AAL1393,41.96573,-87.55184,5400.0,,,,,,1574873835
2019-11-27 16:57:15,ACA309,AAL1393,,,,,140.0,268.36,0.0,GS,1574873835
2019-11-27 16:57:16,ACA309,AAL1393,41.965709999999994,-87.55236,5400.0,,,,,,1574873836
2019-11-27 16:57:16,ACA309,AAL1393,,,,,140.0,268.36,0.0,GS,1574873836
2019-11-27 16:57:16,ACA309,AAL1393,,,,,140.0,268.36,-64.0,GS,1574873836
2019-11-27 16:57:16,ACA309,AAL1393,41.965709999999994,-87.55311,5400.0,,,,,,1574873836
2019-11-27 16:57:17,ACA309,AAL1393,,,,,140.0,268.36,-128.0,GS,1574873837
2019-11-27 16:57:20,ACA309,AAL1393,,,,,141.0,268.38,-128.0,GS,1574873840
2019-11-27 16:57:22,ACA309,AAL1393,,,,,141.0,268.78,-128.0,GS,1574873842
2019-11-27 16:57:23,ACA309,AAL1393,41.96562,-87.55841,5400.0,,,,,,1574873843
2019-11-27 16:57:25,ACA309,AAL1393,,,,,141.0,270.0,-64.0,GS,1574873845
2019-11-27 16:57:26,ACA309,AAL1393,41.96562,-87.5611,5400.0,,,,,,1574873846
2019-11-27 16:57:27,ACA309,AAL1393,41.96563,-87.56218,5400.0,,,,,,1574873847
2019-11-27 16:57:29,ACA309,AAL1393,41.96567,-87.56359,5400.0,,,,,,1574873849
2019-11-27 16:57:30,ACA309,AAL1393,41.96568,-87.56519,5400.0,,,,,,1574873850
2019-11-27 16:57:32,ACA309,AAL1393,,,,,,,,,1574873852
2019-11-27 16:57:33,ACA309,AAL1393,41.96567,-87.56770999999999,5400.0,,,,,,1574873853
2019-11-27 16:57:34,ACA309,AAL1393,41.96567,-87.56853000000001,5400.0,,,,,,1574873854
2019-11-27 16:57:34,ACA309,AAL1393,,,,,136.0,270.42,64.0,GS,1574873854
2019-11-27 16:57:35,ACA309,AAL1393,41.96567,-87.5689,5400.0,,,,,,1574873855
2019-11-27 16:57:35,ACA309,AAL1393,41.96567,-87.56921,5400.0,,,,,,1574873855
2019-11-27 16:57:36,ACA309,AAL1393,,,,,136.0,270.42,0.0,GS,1574873856
2019-11-27 16:57:36,ACA309,AAL1393,,,,,135.0,270.42,-64.0,GS,1574873856
2019-11-27 16:57:37,ACA309,AAL1393,41.965709999999994,-87.57096,5400.0,,,,,,1574873857
2019-11-27 16:57:38,ACA309,AAL1393,41.965709999999994,-87.57183,5400.0,,,,,,1574873858
2019-11-27 16:57:39,ACA309,AAL1393,41.965709999999994,-87.57265,5400.0,,,,,,1574873859
2019-11-27 16:57:40,ACA309,AAL1393,,,,,134.0,270.86,-64.0,GS,1574873860
2019-11-27 16:57:49,ACA309,AAL1393,41.96582,-87.58064,5400.0,,,,,,1574873869
2019-11-27 16:58:00,ACA309,AAL1393,,,,,133.0,269.14,-832.0,GS,1574873880
2019-11-27 16:58:14,ACA309,AAL1393,41.96591,-87.6014,5125.0,,,,,,1574873894
2019-11-27 16:58:18,ACA309,AAL1393,,,,,132.0,271.3,-448.0,GS,1574873898
2019-11-27 16:58:21,ACA309,AAL1393,41.96594,-87.60741,5075.0,,,,,,1574873901
2019-11-27 16:58:22,ACA309,AAL1393,,,,,133.0,270.0,-512.0,GS,1574873902
2019-11-27 16:58:24,ACA309,AAL1393,41.96594,-87.60979,5050.0,,,,,,1574873904
2019-11-27 16:58:25,ACA309,AAL1393,,,,,133.0,269.57,-512.0,GS,1574873905
2019-11-27 16:58:39,ACA309,AAL1393,41.96594,-87.62201999999999,4900.0,,,,,,1574873919
2019-11-27 16:58:40,ACA309,AAL1393,,,,,134.0,269.57,-640.0,GS,1574873920
2019-11-27 16:58:47,ACA309,AAL1393,,,,,135.0,270.0,-448.0,GS,1574873927
2019-11-27 16:58:54,ACA309,AAL1393,,,,,135.0,268.73,-384.0,GS,1574873934
2019-11-27 16:59:05,ACA309,AAL1393,,,,,135.0,270.0,-576.0,GS,1574873945
2019-11-27 16:59:06,ACA309,AAL1393,,,,,135.0,270.0,-448.0,GS,1574873946
2019-11-27 16:59:06,ACA309,AAL1393,41.96577,-87.64458,4625.0,,,,,,1574873946
2019-11-27 16:59:07,ACA309,AAL1393,,,,,135.0,270.42,-448.0,GS,1574873947
2019-11-27 16:59:11,ACA309,AAL1393,,,,,133.0,270.86,-256.0,GS,1574873951
2019-11-27 16:59:12,ACA309,AAL1393,,,,,133.0,270.43,-256.0,GS,1574873952
2019-11-27 16:59:20,ACA309,AAL1393,41.965759999999996,-87.65604,4575.0,,,,,,1574873960
2019-11-27 16:59:22,ACA309,AAL1393,41.965759999999996,-87.65798000000001,4550.0,,,,,,1574873962
2019-11-27 16:59:23,ACA309,AAL1393,,,,,132.0,270.0,-384.0,GS,1574873963
2019-11-27 16:59:23,ACA309,AAL1393,,,,,,,,,1574873963
2019-11-27 16:59:24,ACA309,AAL1393,,,,,132.0,270.43,-256.0,GS,1574873964
2019-11-27 16:59:25,ACA309,AAL1393,41.96577,-87.65978,4550.0,,,,,,1574873965
2019-11-27 16:59:25,ACA309,AAL1393,,,,,132.0,270.87,-192.0,GS,1574873965
2019-11-27 16:59:26,ACA309,AAL1393,41.96581,-87.66091,4550.0,,,,,,1574873966
2019-11-27 16:59:26,ACA309,AAL1393,,,,,133.0,271.29,-448.0,GS,1574873966
2019-11-27 16:59:26,ACA309,AAL1393,41.96582,-87.66131999999999,4525.0,,,,,,1574873966
2019-11-27 16:59:27,ACA309,AAL1393,,,,,133.0,271.72,-576.0,GS,1574873967
2019-11-27 16:59:27,ACA309,AAL1393,,,,,133.0,271.72,-640.0,GS,1574873967
2019-11-27 16:59:28,ACA309,AAL1393,,,,,134.0,272.14,-704.0,GS,1574873968
2019-11-27 16:59:29,ACA309,AAL1393,,,,,134.0,272.56,-576.0,GS,1574873969
2019-11-27 16:59:31,ACA309,AAL1393,41.96594,-87.66503,4500.0,,,,,,1574873971
2019-11-27 16:59:31,ACA309,AAL1393,,,,,134.0,271.71,-512.0,GS,1574873971
2019-11-27 16:59:32,ACA309,AAL1393,,,,,134.0,271.28,-512.0,GS,1574873972
2019-11-27 16:59:32,ACA309,AAL1393,41.96591,-87.66592,4475.0,,,,,,1574873972
2019-11-27 16:59:33,ACA309,AAL1393,,,,,135.0,270.42,-640.0,GS,1574873973
2019-11-27 16:59:33,ACA309,AAL1393,,,,,,,,,1574873973
2019-11-27 16:59:33,ACA309,AAL1393,,,,,135.0,270.0,-640.0,GS,1574873973
2019-11-27 16:59:33,ACA309,AAL1393,41.9659,-87.66728,4475.0,,,,,,1574873973
2019-11-27 16:59:34,ACA309,AAL1393,41.96591,-87.66802,4450.0,,,,,,1574873974
2019-11-27 16:59:35,ACA309,AAL1393,41.9659,-87.66846,4450.0,,,,,,1574873975
2019-11-27 16:59:35,ACA309,AAL1393,,,,,135.0,269.58,-640.0,GS,1574873975
2019-11-27 16:59:36,ACA309,AAL1393,41.9659,-87.66920999999999,4425.0,,,,,,1574873976
2019-11-27 16:59:36,ACA309,AAL1393,,,,,136.0,269.16,-640.0,GS,1574873976
2019-11-27 16:59:36,ACA309,AAL1393,41.96586,-87.66962,4425.0,,,,,,1574873976
2019-11-27 16:59:37,ACA309,AAL1393,41.96586,-87.66994,4425.0,,,,,,1574873977
2019-11-27 16:59:37,ACA309,AAL1393,,,,,137.0,268.75,-704.0,GS,1574873977
2019-11-27 16:59:38,ACA309,AAL1393,41.96585,-87.67071,4425.0,,,,,,1574873978
2019-11-27 16:59:38,ACA309,AAL1393,,,,,137.0,268.75,-768.0,GS,1574873978
2019-11-27 16:59:38,ACA309,AAL1393,,,,,137.0,268.33,-832.0,GS,1574873978
2019-11-27 16:59:39,ACA309,AAL1393,,,,,137.0,268.33,-768.0,GS,1574873979
2019-11-27 16:59:40,ACA309,AAL1393,41.96581,-87.67233,4400.0,,,,,,1574873980
2019-11-27 16:59:40,ACA309,AAL1393,,,,,137.0,268.33,-768.0,GS,1574873980
2019-11-27 16:59:40,ACA309,AAL1393,41.96582,-87.67281,4375.0,,,,,,1574873980
2019-11-27 16:59:40,ACA309,AAL1393,,,,,137.0,268.33,-768.0,GS,1574873980
2019-11-27 16:59:40,ACA309,AAL1393,41.96582,-87.67313,4375.0,,,,,,1574873980
2019-11-27 16:59:41,ACA309,AAL1393,,,,,138.0,268.75,-832.0,GS,1574873981
2019-11-27 16:59:42,ACA309,AAL1393,,,,,138.0,269.17,-896.0,GS,1574873982
2019-11-27 16:59:42,ACA309,AAL1393,41.96582,-87.67435,4350.0,,,,,,1574873982
2019-11-27 16:59:43,ACA309,AAL1393,41.96582,-87.67531,4350.0,,,,,,1574873983
2019-11-27 16:59:43,ACA309,AAL1393,41.96582,-87.67563,4350.0,,,,,,1574873983
2019-11-27 16:59:43,ACA309,AAL1393,,,,,139.0,269.59,-768.0,GS,1574873983
2019-11-27 16:59:44,ACA309,AAL1393,,,,,139.0,269.59,-704.0,GS,1574873984
2019-11-27 16:59:44,ACA309,AAL1393,41.96581,-87.67639,4325.0,,,,,,1574873984
2019-11-27 16:59:45,ACA309,AAL1393,41.96581,-87.67676999999999,4325.0,,,,,,1574873985
2019-11-27 16:59:45,ACA309,AAL1393,,,,,139.0,270.0,-896.0,GS,1574873985
2019-11-27 16:59:45,ACA309,AAL1393,41.96581,-87.67727,4300.0,,,,,,1574873985
2019-11-27 16:59:45,ACA309,AAL1393,,,,,140.0,270.0,-960.0,GS,1574873985
2019-11-27 16:59:46,ACA309,AAL1393,41.96581,-87.67764,4300.0,,,,,,1574873986
2019-11-27 16:59:46,ACA309,AAL1393,,,,,140.0,270.0,-960.0,GS,1574873986
2019-11-27 16:59:46,ACA309,AAL1393,,,,,141.0,270.41,-960.0,GS,1574873986
2019-11-27 16:59:47,ACA309,AAL1393,,,,,140.0,270.41,-960.0,GS,1574873987
2019-11-27 16:59:48,ACA309,AAL1393,,,,,140.0,270.41,-768.0,GS,1574873988
2019-11-27 16:59:49,ACA309,AAL1393,41.96581,-87.68032,4250.0,,,,,,1574873989
2019-11-27 16:59:49,ACA309,AAL1393,,,,,140.0,270.41,-704.0,GS,1574873989
2019-11-27 16:59:50,ACA309,AAL1393,41.96582,-87.68137,4225.0,,,,,,1574873990
2019-11-27 16:59:50,ACA309,AAL1393,,,,,140.0,270.41,-832.0,GS,1574873990
2019-11-27 16:59:50,ACA309,AAL1393,41.96582,-87.68169,4225.0,,,,,,1574873990
2019-11-27 16:59:51,ACA309,AAL1393,,,,,140.0,270.41,-896.0,GS,1574873991
2019-11-27 16:59:51,ACA309,AAL1393,41.96585,-87.68213,4225.0,,,,,,1574873991
2019-11-27 16:59:51,ACA309,AAL1393,,,,,140.0,270.41,-1024.0,GS,1574873991
2019-11-27 16:59:51,ACA309,AAL1393,41.96586,-87.68259,4225.0,,,,,,1574873991
2019-11-27 16:59:53,ACA309,AAL1393,,,,,140.0,270.82,-896.0,GS,1574873993
2019-11-27 16:59:53,ACA309,AAL1393,41.96585,-87.68432,4175.0,,,,,,1574873993
2019-11-27 16:59:54,ACA309,AAL1393,,,,,140.0,270.82,-896.0,GS,1574873994
2019-11-27 16:59:54,ACA309,AAL1393,,,,,140.0,270.82,-896.0,GS,1574873994
2019-11-27 16:59:55,ACA309,AAL1393,,,,,140.0,270.82,-1024.0,GS,1574873995
2019-11-27 16:59:55,ACA309,AAL1393,,,,,140.0,271.23,-1088.0,GS,1574873995
2019-11-27 16:59:56,ACA309,AAL1393,41.9659,-87.68625,4150.0,,,,,,1574873996
2019-11-27 16:59:56,ACA309,AAL1393,,,,,140.0,271.23,-1024.0,GS,1574873996
2019-11-27 16:59:56,ACA309,AAL1393,,,,,140.0,270.82,-896.0,GS,1574873996
2019-11-27 16:59:57,ACA309,AAL1393,41.9659,-87.68719,4125.0,,,,,,1574873997
2019-11-27 16:59:58,ACA309,AAL1393,41.9659,-87.68806,4125.0,,,,,,1574873998
2019-11-27 16:59:58,ACA309,AAL1393,,,,,,,,,1574873998
2019-11-27 16:59:58,ACA309,AAL1393,41.96591,-87.68845999999999,4100.0,,,,,,1574873998
2019-11-27 16:59:59,ACA309,AAL1393,41.96591,-87.68885,4100.0,,,,,,1574873999
2019-11-27 16:59:59,ACA309,AAL1393,,,,,140.0,270.0,-832.0,GS,1574873999
2019-11-27 16:59:59,ACA309,AAL1393,41.9659,-87.68930999999999,4100.0,,,,,,1574873999
2019-11-27 17:00:00,ACA309,AAL1393,41.9659,-87.68975,4100.0,,,,,,1574874000
2019-11-27 17:00:01,ACA309,AAL1393,41.9659,-87.69075,4075.0,,,,,,1574874001
2019-11-27 17:00:01,ACA309,AAL1393,41.96586,-87.69121,4075.0,,,,,,1574874001
2019-11-27 17:00:02,ACA309,AAL1393,41.9659,-87.69162,4075.0,,,,,,1574874002
2019-11-27 17:00:02,ACA309,AAL1393,41.96586,-87.69216999999999,4050.0,,,,,,1574874002
2019-11-27 17:00:03,ACA309,AAL1393,,,,,141.0,269.59,-768.0,GS,1574874003
2019-11-27 17:00:03,ACA309,AAL1393,,,,,,,,,1574874003
2019-11-27 17:00:03,ACA309,AAL1393,,,,,141.0,269.59,-832.0,GS,1574874003
2019-11-27 17:00:04,ACA309,AAL1393,41.9659,-87.69331,4050.0,,,,,,1574874004
2019-11-27 17:00:04,ACA309,AAL1393,,,,,141.0,269.59,-832.0,GS,1574874004
2019-11-27 17:00:05,ACA309,AAL1393,,,,,141.0,269.59,-768.0,GS,1574874005
2019-11-27 17:00:05,ACA309,AAL1393,41.96586,-87.69447,4025.0,,,,,,1574874005
2019-11-27 17:00:05,ACA309,AAL1393,,,,,141.0,269.59,-768.0,GS,1574874005
2019-11-27 17:00:06,ACA309,AAL1393,,,,,141.0,270.0,-832.0,GS,1574874006
2019-11-27 17:00:07,ACA309,AAL1393,41.9659,-87.69587,4000.0,,,,,,1574874007
2019-11-27 17:00:07,ACA309,AAL1393,,,,,141.0,270.0,-896.0,GS,1574874007
2019-11-27 17:00:07,ACA309,AAL1393,41.96586,-87.69664,3975.0,,,,,,1574874007
2019-11-27 17:00:08,ACA309,AAL1393,,,,,,,,,1574874008
2019-11-27 17:00:08,ACA309,AAL1393,,,,,141.0,270.0,-832.0,GS,1574874008
2019-11-27 17:00:09,ACA309,AAL1393,,,,,140.0,270.0,-768.0,GS,1574874009
2019-11-27 17:00:09,ACA309,AAL1393,41.96586,-87.69785,3975.0,,,,,,1574874009
2019-11-27 17:00:09,ACA309,AAL1393,41.9659,-87.69824,3950.0,,,,,,1574874009
2019-11-27 17:00:10,ACA309,AAL1393,,,,,139.0,269.59,-832.0,GS,1574874010
2019-11-27 17:00:10,ACA309,AAL1393,41.96585,-87.69911,3950.0,,,,,,1574874010
2019-11-27 17:00:11,ACA309,AAL1393,41.96586,-87.69958000000001,3950.0,,,,,,1574874011
2019-11-27 17:00:11,ACA309,AAL1393,,,,,139.0,269.59,-896.0,GS,1574874011
2019-11-27 17:00:11,ACA309,AAL1393,41.96585,-87.70005,3925.0,,,,,,1574874011
2019-11-27 17:00:12,ACA309,AAL1393,41.96585,-87.70042,3925.0,,,,,,1574874012
2019-11-27 17:00:12,ACA309,AAL1393,41.96585,-87.70092,3925.0,,,,,,1574874012
2019-11-27 17:00:12,ACA309,AAL1393,,,,,137.0,269.58,-832.0,GS,1574874012
2019-11-27 17:00:13,ACA309,AAL1393,41.96585,-87.70124,3900.0,,,,,,1574874013
2019-11-27 17:00:13,ACA309,AAL1393,41.96585,-87.70167,3900.0,,,,,,1574874013
2019-11-27 17:00:14,ACA309,AAL1393,,,,,137.0,269.58,-768.0,GS,1574874014
2019-11-27 17:00:16,ACA309,AAL1393,41.96585,-87.70366999999999,3875.0,,,,,,1574874016
2019-11-27 17:00:16,ACA309,AAL1393,41.96586,-87.70411,3875.0,,,,,,1574874016
2019-11-27 17:00:16,ACA309,AAL1393,,,,,135.0,270.42,-704.0,GS,1574874016
2019-11-27 17:00:17,ACA309,AAL1393,41.96586,-87.70443,3875.0,,,,,,1574874017
2019-11-27 17:00:17,ACA309,AAL1393,,,,,135.0,270.42,-640.0,GS,1574874017
2019-11-27 17:00:17,ACA309,AAL1393,,,,,135.0,270.85,-640.0,GS,1574874017
2019-11-27 17:00:18,ACA309,AAL1393,,,,,,,,,1574874018
2019-11-27 17:00:18,ACA309,AAL1393,,,,,135.0,270.85,-640.0,GS,1574874018
2019-11-27 17:00:18,ACA309,AAL1393,41.96586,-87.70565,3850.0,,,,,,1574874018
2019-11-27 17:00:20,ACA309,AAL1393,41.96594,-87.70742,3825.0,,,,,,1574874020
2019-11-27 17:00:21,ACA309,AAL1393,41.96594,-87.70835,3800.0,,,,,,1574874021
2019-11-27 17:00:23,ACA309,AAL1393,,,,,135.0,270.85,-576.0,GS,1574874023
2019-11-27 17:00:23,ACA309,AAL1393,,,,,,,,,1574874023
2019-11-27 17:00:23,ACA309,AAL1393,,,,,135.0,270.85,-576.0,GS,1574874023
2019-11-27 17:00:23,ACA309,AAL1393,,,,,135.0,270.42,-640.0,GS,1574874023
2019-11-27 17:00:24,ACA309,AAL1393,,,,,135.0,270.42,-640.0,GS,1574874024
2019-11-27 17:00:24,ACA309,AAL1393,,,,,135.0,270.85,-640.0,GS,1574874024
2019-11-27 17:00:25,ACA309,AAL1393,41.965959999999995,-87.7112,3775.0,,,,,,1574874025
2019-11-27 17:00:25,ACA309,AAL1393,41.965959999999995,-87.71152,3775.0,,,,,,1574874025
2019-11-27 17:00:27,ACA309,AAL1393,41.965990000000005,-87.71347,3750.0,,,,,,1574874027
2019-11-27 17:00:28,ACA309,AAL1393,,,,,,,,,1574874028
2019-11-27 17:00:28,ACA309,AAL1393,,,,,136.0,270.42,-704.0,GS,1574874028
2019-11-27 17:00:29,ACA309,AAL1393,41.965990000000005,-87.71478,3725.0,,,,,,1574874029
2019-11-27 17:00:29,ACA309,AAL1393,,,,,136.0,270.42,-576.0,GS,1574874029
2019-11-27 17:00:29,ACA309,AAL1393,41.965990000000005,-87.71509,3725.0,,,,,,1574874029
2019-11-27 17:00:30,ACA309,AAL1393,,,,,136.0,270.0,-640.0,GS,1574874030
2019-11-27 17:00:31,ACA309,AAL1393,,,,,137.0,270.0,-704.0,GS,1574874031
2019-11-27 17:00:31,ACA309,AAL1393,,,,,137.0,270.0,-768.0,GS,1574874031
2019-11-27 17:00:32,ACA309,AAL1393,,,,,138.0,270.42,-960.0,GS,1574874032
2019-11-27 17:00:33,ACA309,AAL1393,,,,,,,,,1574874033
2019-11-27 17:00:33,ACA309,AAL1393,41.965990000000005,-87.71859,3675.0,,,,,,1574874033
2019-11-27 17:00:34,ACA309,AAL1393,41.965959999999995,-87.71944,3650.0,,,,,,1574874034
2019-11-27 17:00:35,ACA309,AAL1393,,,,,138.0,269.58,-832.0,GS,1574874035
2019-11-27 17:00:35,ACA309,AAL1393,41.96594,-87.7199,3650.0,,,,,,1574874035
2019-11-27 17:00:36,ACA309,AAL1393,,,,,138.0,269.17,-640.0,GS,1574874036
2019-11-27 17:00:36,ACA309,AAL1393,41.96594,-87.72077,3625.0,,,,,,1574874036
2019-11-27 17:00:36,ACA309,AAL1393,,,,,138.0,269.17,-640.0,GS,1574874036
2019-11-27 17:00:36,ACA309,AAL1393,41.96594,-87.72109,3625.0,,,,,,1574874036
2019-11-27 17:00:37,ACA309,AAL1393,41.9659,-87.72159,3625.0,,,,,,1574874037
2019-11-27 17:00:37,ACA309,AAL1393,,,,,138.0,268.34,-768.0,GS,1574874037
2019-11-27 17:00:38,ACA309,AAL1393,,,,,,,,,1574874038
2019-11-27 17:00:38,ACA309,AAL1393,,,,,138.0,268.34,-896.0,GS,1574874038
2019-11-27 17:00:38,ACA309,AAL1393,41.9659,-87.72246,3600.0,,,,,,1574874038
2019-11-27 17:00:38,ACA309,AAL1393,,,,,138.0,268.34,-960.0,GS,1574874038
2019-11-27 17:00:39,ACA309,AAL1393,41.96585,-87.7234,3600.0,,,,,,1574874039
2019-11-27 17:00:39,ACA309,AAL1393,,,,,138.0,268.34,-960.0,GS,1574874039
2019-11-27 17:00:40,ACA309,AAL1393,41.96586,-87.72385,3575.0,,,,,,1574874040
2019-11-27 17:00:40,ACA309,AAL1393,,,,,138.0,268.34,-896.0,GS,1574874040
2019-11-27 17:00:40,ACA309,AAL1393,41.96585,-87.72458,3575.0,,,,,,1574874040
2019-11-27 17:00:41,ACA309,AAL1393,,,,,138.0,268.75,-832.0,GS,1574874041
2019-11-27 17:00:42,ACA309,AAL1393,,,,,138.0,268.75,-832.0,GS,1574874042
2019-11-27 17:00:42,ACA309,AAL1393,41.96586,-87.72596,3550.0,,,,,,1574874042
2019-11-27 17:00:43,ACA309,AAL1393,41.96585,-87.72639000000001,3550.0,,,,,,1574874043
2019-11-27 17:00:43,ACA309,AAL1393,,,,,,,,,1574874043
2019-11-27 17:00:43,ACA309,AAL1393,41.96585,-87.72726999999999,3525.0,,,,,,1574874043
2019-11-27 17:00:44,ACA309,AAL1393,41.96586,-87.72768,3525.0,,,,,,1574874044
2019-11-27 17:00:44,ACA309,AAL1393,,,,,138.0,270.42,-832.0,GS,1574874044
2019-11-27 17:00:45,ACA309,AAL1393,41.96586,-87.72813000000001,3525.0,,,,,,1574874045
2019-11-27 17:00:45,ACA309,AAL1393,,,,,138.0,270.42,-768.0,GS,1574874045
2019-11-27 17:00:45,ACA309,AAL1393,,,,,138.0,270.42,-704.0,GS,1574874045
2019-11-27 17:00:46,ACA309,AAL1393,41.96586,-87.72928,3500.0,,,,,,1574874046
2019-11-27 17:00:46,ACA309,AAL1393,,,,,138.0,270.83,-704.0,GS,1574874046
2019-11-27 17:00:47,ACA309,AAL1393,,,,,138.0,270.83,-768.0,GS,1574874047
2019-11-27 17:00:47,ACA309,AAL1393,41.96586,-87.73017,3475.0,,,,,,1574874047
2019-11-27 17:00:48,ACA309,AAL1393,,,,,,,,,1574874048
2019-11-27 17:00:48,ACA309,AAL1393,,,,,138.0,271.25,-768.0,GS,1574874048
2019-11-27 17:00:48,ACA309,AAL1393,41.9659,-87.73106999999999,3475.0,,,,,,1574874048
2019-11-27 17:00:49,ACA309,AAL1393,41.96591,-87.73158000000001,3475.0,,,,,,1574874049
2019-11-27 17:00:49,ACA309,AAL1393,,,,,138.0,271.25,-640.0,GS,1574874049
2019-11-27 17:00:49,ACA309,AAL1393,41.96591,-87.73196,3450.0,,,,,,1574874049
2019-11-27 17:00:50,ACA309,AAL1393,41.96591,-87.73246999999999,3450.0,,,,,,1574874050
2019-11-27 17:00:50,ACA309,AAL1393,,,,,137.0,270.84,-640.0,GS,1574874050
2019-11-27 17:00:50,ACA309,AAL1393,,,,,138.0,270.83,-704.0,GS,1574874050
2019-11-27 17:00:51,ACA309,AAL1393,,,,,138.0,270.83,-704.0,GS,1574874051
2019-11-27 17:00:51,ACA309,AAL1393,41.96594,-87.73382,3450.0,,,,,,1574874051
2019-11-27 17:00:53,ACA309,AAL1393,,,,,,,,,1574874053
2019-11-27 17:00:53,ACA309,AAL1393,41.9659,-87.73538,3400.0,,,,,,1574874053
2019-11-27 17:00:53,ACA309,AAL1393,,,,,138.0,269.58,-640.0,GS,1574874053
2019-11-27 17:00:54,ACA309,AAL1393,,,,,138.0,269.58,-640.0,GS,1574874054
2019-11-27 17:00:54,ACA309,AAL1393,41.9659,-87.73619000000001,3400.0,,,,,,1574874054
2019-11-27 17:00:54,ACA309,AAL1393,,,,,138.0,268.75,-640.0,GS,1574874054
2019-11-27 17:00:55,ACA309,AAL1393,,,,,138.0,268.75,-704.0,GS,1574874055
2019-11-27 17:00:55,ACA309,AAL1393,41.9659,-87.73706999999999,3375.0,,,,,,1574874055
2019-11-27 17:00:56,ACA309,AAL1393,41.96586,-87.73758000000001,3375.0,,,,,,1574874056
2019-11-27 17:00:56,ACA309,AAL1393,,,,,138.0,268.75,-832.0,GS,1574874056
2019-11-27 17:00:56,ACA309,AAL1393,41.96585,-87.73838,3375.0,,,,,,1574874056
2019-11-27 17:00:57,ACA309,AAL1393,,,,,138.0,268.75,-896.0,GS,1574874057
2019-11-27 17:00:57,ACA309,AAL1393,,,,,138.0,268.75,-960.0,GS,1574874057
2019-11-27 17:00:57,ACA309,AAL1393,41.96586,-87.73912,3350.0,,,,,,1574874057
2019-11-27 17:00:58,ACA309,AAL1393,,,,,,,,,1574874058
2019-11-27 17:00:58,ACA309,AAL1393,,,,,138.0,268.75,-960.0,GS,1574874058
2019-11-27 17:00:58,ACA309,AAL1393,41.96585,-87.73994,3325.0,,,,,,1574874058
2019-11-27 17:00:59,ACA309,AAL1393,,,,,137.0,269.16,-896.0,GS,1574874059
2019-11-27 17:00:59,ACA309,AAL1393,41.96585,-87.74031,3325.0,,,,,,1574874059
2019-11-27 17:00:59,ACA309,AAL1393,,,,,137.0,269.16,-832.0,GS,1574874059
2019-11-27 17:00:59,ACA309,AAL1393,41.96582,-87.74070999999999,3325.0,,,,,,1574874059
2019-11-27 17:00:59,ACA309,AAL1393,,,,,136.0,269.16,-768.0,GS,1574874059
2019-11-27 17:01:00,ACA309,AAL1393,41.96585,-87.74112,3325.0,,,,,,1574874060
2019-11-27 17:01:00,ACA309,AAL1393,,,,,136.0,269.16,-768.0,GS,1574874060
2019-11-27 17:01:00,ACA309,AAL1393,41.96585,-87.7415,3300.0,,,,,,1574874060
2019-11-27 17:01:01,ACA309,AAL1393,41.96586,-87.74231,3300.0,,,,,,1574874061
2019-11-27 17:01:02,ACA309,AAL1393,41.96585,-87.74306,3275.0,,,,,,1574874062
2019-11-27 17:01:03,ACA309,AAL1393,41.96585,-87.74337,3275.0,,,,,,1574874063
2019-11-27 17:01:03,ACA309,AAL1393,,,,,,,,,1574874063
2019-11-27 17:01:03,ACA309,AAL1393,,,,,134.0,270.43,-768.0,GS,1574874063
2019-11-27 17:01:03,ACA309,AAL1393,41.96586,-87.74378,3275.0,,,,,,1574874063
2019-11-27 17:01:03,ACA309,AAL1393,,,,,133.0,270.86,-768.0,GS,1574874063
2019-11-27 17:01:04,ACA309,AAL1393,41.96585,-87.74418,3275.0,,,,,,1574874064
2019-11-27 17:01:05,ACA309,AAL1393,,,,,132.0,271.3,-704.0,GS,1574874065
2019-11-27 17:01:05,ACA309,AAL1393,41.96586,-87.7455,3250.0,,,,,,1574874065
2019-11-27 17:01:05,ACA309,AAL1393,,,,,132.0,271.3,-704.0,GS,1574874065
2019-11-27 17:01:06,ACA309,AAL1393,41.9659,-87.74593,3250.0,,,,,,1574874066
2019-11-27 17:01:06,ACA309,AAL1393,,,,,132.0,271.3,-640.0,GS,1574874066
2019-11-27 17:01:06,ACA309,AAL1393,41.9659,-87.74624,3250.0,,,,,,1574874066
2019-11-27 17:01:06,ACA309,AAL1393,,,,,131.0,271.31,-704.0,GS,1574874066
2019-11-27 17:01:07,ACA309,AAL1393,41.96591,-87.74665,3250.0,,,,,,1574874067
2019-11-27 17:01:07,ACA309,AAL1393,,,,,131.0,271.31,-704.0,GS,1574874067
2019-11-27 17:01:08,ACA309,AAL1393,41.96591,-87.7478,3225.0,,,,,,1574874068
2019-11-27 17:01:08,ACA309,AAL1393,,,,,131.0,270.87,-640.0,GS,1574874068
2019-11-27 17:01:09,ACA309,AAL1393,41.9659,-87.74861,3225.0,,,,,,1574874069
2019-11-27 17:01:10,ACA309,AAL1393,,,,,132.0,270.87,-704.0,GS,1574874070
2019-11-27 17:01:10,ACA309,AAL1393,41.96591,-87.74934,3200.0,,,,,,1574874070
2019-11-27 17:01:11,ACA309,AAL1393,41.96594,-87.75024,3200.0,,,,,,1574874071
2019-11-27 17:01:12,ACA309,AAL1393,41.96594,-87.75117,3175.0,,,,,,1574874072
2019-11-27 17:01:13,ACA309,AAL1393,,,,,,,,,1574874073
2019-11-27 17:01:15,ACA309,AAL1393,41.96594,-87.75348000000001,3150.0,,,,,,1574874075
2019-11-27 17:01:15,ACA309,AAL1393,,,,,142.0,270.0,-832.0,GS,1574874075
2019-11-27 17:01:16,ACA309,AAL1393,,,,,142.0,270.0,-768.0,GS,1574874076
2019-11-27 17:01:17,ACA309,AAL1393,41.96594,-87.75516999999999,3125.0,,,,,,1574874077
2019-11-27 17:01:17,ACA309,AAL1393,,,,,143.0,270.0,-960.0,GS,1574874077
2019-11-27 17:01:17,ACA309,AAL1393,41.96594,-87.75573,3100.0,,,,,,1574874077
2019-11-27 17:01:17,ACA309,AAL1393,,,,,145.0,270.0,-1088.0,GS,1574874077
2019-11-27 17:01:18,ACA309,AAL1393,41.96591,-87.75617,3100.0,,,,,,1574874078
2019-11-27 17:01:18,ACA309,AAL1393,41.96591,-87.75655,3100.0,,,,,,1574874078
2019-11-27 17:01:18,ACA309,AAL1393,,,,,146.0,269.61,-1088.0,GS,1574874078
2019-11-27 17:01:19,ACA309,AAL1393,41.96594,-87.75742,3075.0,,,,,,1574874079
2019-11-27 17:01:19,ACA309,AAL1393,,,,,146.0,269.61,-832.0,GS,1574874079
2019-11-27 17:01:20,ACA309,AAL1393,,,,,146.0,269.22,-640.0,GS,1574874080
2019-11-27 17:01:20,ACA309,AAL1393,41.96591,-87.75828,3050.0,,,,,,1574874080
2019-11-27 17:01:21,ACA309,AAL1393,41.96591,-87.75917,3050.0,,,,,,1574874081
2019-11-27 17:01:21,ACA309,AAL1393,,,,,147.0,269.61,-768.0,GS,1574874081
2019-11-27 17:01:22,ACA309,AAL1393,41.96591,-87.76019000000001,3025.0,,,,,,1574874082
2019-11-27 17:01:23,ACA309,AAL1393,,,,,147.0,270.39,-960.0,GS,1574874083
2019-11-27 17:01:23,ACA309,AAL1393,,,,,147.0,270.78,-896.0,GS,1574874083
2019-11-27 17:01:24,ACA309,AAL1393,41.96594,-87.76154,3000.0,,,,,,1574874084
2019-11-27 17:01:24,ACA309,AAL1393,41.96591,-87.76198000000001,3000.0,,,,,,1574874084
2019-11-27 17:01:24,ACA309,AAL1393,,,,,147.0,270.78,-896.0,GS,1574874084
2019-11-27 17:01:25,ACA309,AAL1393,41.965959999999995,-87.76256,3000.0,,,,,,1574874085
2019-11-27 17:01:25,ACA309,AAL1393,41.965959999999995,-87.7632,2975.0,,,,,,1574874085
2019-11-27 17:01:26,ACA309,AAL1393,,,,,147.0,270.78,-832.0,GS,1574874086
2019-11-27 17:01:27,ACA309,AAL1393,,,,,147.0,270.78,-768.0,GS,1574874087
2019-11-27 17:01:27,ACA309,AAL1393,41.965959999999995,-87.76498000000001,2950.0,,,,,,1574874087
2019-11-27 17:01:28,ACA309,AAL1393,,,,,147.0,270.39,-768.0,GS,1574874088
2019-11-27 17:01:28,ACA309,AAL1393,41.96594,-87.76547,2950.0,,,,,,1574874088
2019-11-27 17:01:28,ACA309,AAL1393,41.965959999999995,-87.76601,2950.0,,,,,,1574874088
2019-11-27 17:01:29,ACA309,AAL1393,41.965959999999995,-87.76639,2950.0,,,,,,1574874089
2019-11-27 17:01:29,ACA309,AAL1393,,,,,146.0,270.0,-704.0,GS,1574874089
2019-11-27 17:01:30,ACA309,AAL1393,,,,,146.0,270.0,-768.0,GS,1574874090
2019-11-27 17:01:30,ACA309,AAL1393,41.965959999999995,-87.7678,2925.0,,,,,,1574874090
2019-11-27 17:01:31,ACA309,AAL1393,,,,,146.0,270.0,-832.0,GS,1574874091
2019-11-27 17:01:31,ACA309,AAL1393,41.96594,-87.76828,2925.0,,,,,,1574874091
2019-11-27 17:01:31,ACA309,AAL1393,41.965959999999995,-87.76869,2900.0,,,,,,1574874091
2019-11-27 17:01:32,ACA309,AAL1393,,,,,146.0,270.39,-960.0,GS,1574874092
2019-11-27 17:01:32,ACA309,AAL1393,,,,,,,,,1574874092
2019-11-27 17:01:33,ACA309,AAL1393,41.965959999999995,-87.77041,2875.0,,,,,,1574874093
2019-11-27 17:01:34,ACA309,AAL1393,,,,,144.0,270.0,-832.0,GS,1574874094
2019-11-27 17:01:34,ACA309,AAL1393,,,,,144.0,270.0,-832.0,GS,1574874094
2019-11-27 17:01:34,ACA309,AAL1393,41.965959999999995,-87.77131,2850.0,,,,,,1574874094
2019-11-27 17:01:35,ACA309,AAL1393,,,,,144.0,270.0,-832.0,GS,1574874095
2019-11-27 17:01:35,ACA309,AAL1393,,,,,144.0,270.0,-768.0,GS,1574874095
2019-11-27 17:01:35,ACA309,AAL1393,41.96594,-87.77221,2850.0,,,,,,1574874095
2019-11-27 17:01:36,ACA309,AAL1393,,,,,143.0,269.6,-832.0,GS,1574874096
2019-11-27 17:01:36,ACA309,AAL1393,41.96594,-87.77271,2850.0,,,,,,1574874096
2019-11-27 17:01:36,ACA309,AAL1393,41.96594,-87.77308000000001,2825.0,,,,,,1574874096
2019-11-27 17:01:37,ACA309,AAL1393,41.965959999999995,-87.77348,2825.0,,,,,,1574874097
2019-11-27 17:01:37,ACA309,AAL1393,41.96594,-87.77396,2825.0,,,,,,1574874097
2019-11-27 17:01:38,ACA309,AAL1393,,,,,142.0,269.6,-896.0,GS,1574874098
2019-11-27 17:01:39,ACA309,AAL1393,,,,,141.0,269.19,-768.0,GS,1574874099
2019-11-27 17:01:39,ACA309,AAL1393,41.96594,-87.77526999999999,2800.0,,,,,,1574874099
2019-11-27 17:01:41,ACA309,AAL1393,,,,,140.0,269.59,-960.0,GS,1574874101
2019-11-27 17:01:42,ACA309,AAL1393,,,,,139.0,270.0,-1024.0,GS,1574874102
2019-11-27 17:01:43,ACA309,AAL1393,41.96591,-87.77916,2725.0,,,,,,1574874103
2019-11-27 17:01:44,ACA309,AAL1393,,,,,137.0,269.58,-832.0,GS,1574874104
2019-11-27 17:01:45,ACA309,AAL1393,,,,,136.0,269.58,-768.0,GS,1574874105
2019-11-27 17:01:46,ACA309,AAL1393,,,,,133.0,269.57,-768.0,GS,1574874106
2019-11-27 17:01:47,ACA309,AAL1393,,,,,133.0,269.57,-704.0,GS,1574874107
2019-11-27 17:01:50,ACA309,AAL1393,41.96591,-87.78453,2650.0,,,,,,1574874110
2019-11-27 17:01:51,ACA309,AAL1393,,,,,129.0,269.56,-768.0,GS,1574874111
2019-11-27 17:01:52,ACA309,AAL1393,,,,,128.0,269.55,-768.0,GS,1574874112
2019-11-27 17:01:52,ACA309,AAL1393,,,,,127.0,269.1,-768.0,GS,1574874112
2019-11-27 17:01:53,ACA309,AAL1393,41.9659,-87.78657,2625.0,,,,,,1574874113
2019-11-27 17:01:53,ACA309,AAL1393,,,,,127.0,269.1,-704.0,GS,1574874113
2019-11-27 17:01:53,ACA309,AAL1393,,,,,,,,,1574874113
2019-11-27 17:01:54,ACA309,AAL1393,,,,,126.0,269.09,-576.0,GS,1574874114
2019-11-27 17:01:54,ACA309,AAL1393,41.9659,-87.78769,2600.0,,,,,,1574874114
2019-11-27 17:01:55,ACA309,AAL1393,41.96586,-87.78804000000001,2600.0,,,,,,1574874115
2019-11-27 17:01:55,ACA309,AAL1393,,,,,125.0,268.63,-704.0,GS,1574874115
2019-11-27 17:01:55,ACA309,AAL1393,41.96586,-87.78836,2600.0,,,,,,1574874115
2019-11-27 17:01:55,ACA309,AAL1393,,,,,124.0,269.08,-704.0,GS,1574874115
2019-11-27 17:01:55,ACA309,AAL1393,41.9659,-87.78881,2600.0,,,,,,1574874115
2019-11-27 17:01:56,ACA309,AAL1393,,,,,124.0,269.08,-768.0,GS,1574874116
2019-11-27 17:01:56,ACA309,AAL1393,,,,,124.0,269.54,-832.0,GS,1574874116
2019-11-27 17:01:57,ACA309,AAL1393,41.96586,-87.78996,2575.0,,,,,,1574874117
2019-11-27 17:01:57,ACA309,AAL1393,,,,,122.0,269.53,-704.0,GS,1574874117
2019-11-27 17:01:58,ACA309,AAL1393,,,,,,,,,1574874118
2019-11-27 17:01:59,ACA309,AAL1393,,,,,121.0,269.53,-576.0,GS,1574874119
2019-11-27 17:01:59,ACA309,AAL1393,41.96586,-87.79181,2550.0,,,,,,1574874119
2019-11-27 17:02:01,ACA309,AAL1393,41.96585,-87.79262,2525.0,,,,,,1574874121
2019-11-27 17:02:01,ACA309,AAL1393,,,,,120.0,269.52,-768.0,GS,1574874121
2019-11-27 17:02:01,ACA309,AAL1393,41.96586,-87.79328000000001,2525.0,,,,,,1574874121
2019-11-27 17:02:02,ACA309,AAL1393,,,,,119.0,269.52,-704.0,GS,1574874122
2019-11-27 17:02:02,ACA309,AAL1393,41.96585,-87.79361999999999,2500.0,,,,,,1574874122
2019-11-27 17:02:03,ACA309,AAL1393,41.96586,-87.79398,2500.0,,,,,,1574874123
2019-11-27 17:02:04,ACA309,AAL1393,41.96586,-87.79481,2500.0,,,,,,1574874124
2019-11-27 17:02:05,ACA309,AAL1393,41.96585,-87.79543000000001,2500.0,,,,,,1574874125
2019-11-27 17:02:05,ACA309,AAL1393,41.96585,-87.79574000000001,2475.0,,,,,,1574874125
2019-11-27 17:02:05,ACA309,AAL1393,41.96586,-87.79609,2475.0,,,,,,1574874125
2019-11-27 17:02:06,ACA309,AAL1393,,,,,116.0,270.49,-576.0,GS,1574874126
2019-11-27 17:02:06,ACA309,AAL1393,41.96586,-87.79641,2475.0,,,,,,1574874126
2019-11-27 17:02:07,ACA309,AAL1393,,,,,116.0,270.49,-640.0,GS,1574874127
2019-11-27 17:02:07,ACA309,AAL1393,,,,,116.0,270.49,-576.0,GS,1574874127
2019-11-27 17:02:07,ACA309,AAL1393,,,,,116.0,270.49,-576.0,GS,1574874127
2019-11-27 17:02:08,ACA309,AAL1393,,,,,,,,,1574874128
2019-11-27 17:02:08,ACA309,AAL1393,41.9659,-87.79812,2450.0,,,,,,1574874128
2019-11-27 17:02:08,ACA309,AAL1393,,,,,116.0,270.49,-576.0,GS,1574874128
2019-11-27 17:02:09,ACA309,AAL1393,41.96586,-87.79845,2450.0,,,,,,1574874129
2019-11-27 17:02:09,ACA309,AAL1393,41.9659,-87.79893,2450.0,,,,,,1574874129
2019-11-27 17:02:09,ACA309,AAL1393,,,,,116.0,270.0,-448.0,GS,1574874129
2019-11-27 17:02:10,ACA309,AAL1393,41.9659,-87.79918,2450.0,,,,,,1574874130
2019-11-27 17:02:10,ACA309,AAL1393,41.96586,-87.79954000000001,2425.0,,,,,,1574874130
2019-11-27 17:02:10,ACA309,AAL1393,,,,,116.0,270.0,-512.0,GS,1574874130
2019-11-27 17:02:11,ACA309,AAL1393,41.96585,-87.80049,2425.0,,,,,,1574874131
2019-11-27 17:02:13,ACA309,AAL1393,,,,,115.0,270.0,-640.0,GS,1574874133
2019-11-27 17:02:13,ACA309,AAL1393,,,,,,,,,1574874133
2019-11-27 17:02:13,ACA309,AAL1393,41.9659,-87.80149,2400.0,,,,,,1574874133
2019-11-27 17:02:13,ACA309,AAL1393,,,,,115.0,270.0,-704.0,GS,1574874133
2019-11-27 17:02:14,ACA309,AAL1393,,,,,115.0,270.0,-768.0,GS,1574874134
2019-11-27 17:02:14,ACA309,AAL1393,41.9659,-87.80223000000001,2400.0,,,,,,1574874134
2019-11-27 17:02:14,ACA309,AAL1393,,,,,115.0,270.0,-768.0,GS,1574874134
2019-11-27 17:02:15,ACA309,AAL1393,41.96585,-87.8028,2375.0,,,,,,1574874135
2019-11-27 17:02:16,ACA309,AAL1393,41.96586,-87.80344000000001,2375.0,,,,,,1574874136
2019-11-27 17:02:16,ACA309,AAL1393,,,,,114.0,269.5,-640.0,GS,1574874136
2019-11-27 17:02:16,ACA309,AAL1393,41.96585,-87.80386,2375.0,,,,,,1574874136
2019-11-27 17:02:17,ACA309,AAL1393,,,,,113.0,269.49,-640.0,GS,1574874137
2019-11-27 17:02:18,ACA309,AAL1393,,,,,113.0,269.49,-704.0,GS,1574874138
2019-11-27 17:02:20,ACA309,AAL1393,41.96586,-87.80611999999999,2350.0,,,,,,1574874140
2019-11-27 17:02:20,ACA309,AAL1393,41.96585,-87.80648000000001,2325.0,,,,,,1574874140
2019-11-27 17:02:20,ACA309,AAL1393,,,,,113.0,270.0,-512.0,GS,1574874140
2019-11-27 17:02:20,ACA309,AAL1393,,,,,114.0,270.5,-512.0,GS,1574874140
2019-11-27 17:02:21,ACA309,AAL1393,41.9659,-87.80704,2325.0,,,,,,1574874141
2019-11-27 17:02:22,ACA309,AAL1393,41.96591,-87.8081,2300.0,,,,,,1574874142
2019-11-27 17:02:22,ACA309,AAL1393,,,,,114.0,271.01,-640.0,GS,1574874142
2019-11-27 17:02:23,ACA309,AAL1393,,,,,,,,,1574874143
2019-11-27 17:02:24,ACA309,AAL1393,41.96586,-87.80963,2300.0,,,,,,1574874144
2019-11-27 17:02:24,ACA309,AAL1393,,,,,115.0,270.0,-704.0,GS,1574874144
2019-11-27 17:02:25,ACA309,AAL1393,41.96586,-87.80989,2275.0,,,,,,1574874145
2019-11-27 17:02:25,ACA309,AAL1393,,,,,115.0,270.0,-640.0,GS,1574874145
2019-11-27 17:02:25,ACA309,AAL1393,,,,,116.0,269.51,-576.0,GS,1574874145
2019-11-27 17:02:26,ACA309,AAL1393,41.96586,-87.81097,2275.0,,,,,,1574874146
2019-11-27 17:02:27,ACA309,AAL1393,,,,,115.0,269.0,-448.0,GS,1574874147
2019-11-27 17:02:27,ACA309,AAL1393,,,,,115.0,269.0,-320.0,GS,1574874147
2019-11-27 17:02:27,ACA309,AAL1393,41.96585,-87.81172,2275.0,,,,,,1574874147
2019-11-27 17:02:28,ACA309,AAL1393,,,,,,,,,1574874148
2019-11-27 17:02:28,ACA309,AAL1393,41.96585,-87.81215999999999,2275.0,,,,,,1574874148
2019-11-27 17:02:28,ACA309,AAL1393,,,,,115.0,269.5,-320.0,GS,1574874148
2019-11-27 17:02:29,ACA309,AAL1393,41.96586,-87.81257,2250.0,,,,,,1574874149
2019-11-27 17:02:29,ACA309,AAL1393,,,,,115.0,269.5,-384.0,GS,1574874149
2019-11-27 17:02:29,ACA309,AAL1393,41.96585,-87.81291,2250.0,,,,,,1574874149
2019-11-27 17:02:29,ACA309,AAL1393,41.96585,-87.81328,2250.0,,,,,,1574874149
2019-11-27 17:02:31,ACA309,AAL1393,,,,,116.0,270.0,-832.0,GS,1574874151
2019-11-27 17:02:31,ACA309,AAL1393,41.96586,-87.81436,2225.0,,,,,,1574874151
2019-11-27 17:02:31,ACA309,AAL1393,,,,,116.0,270.0,-832.0,GS,1574874151
2019-11-27 17:02:32,ACA309,AAL1393,,,,,116.0,270.0,-896.0,GS,1574874152
2019-11-27 17:02:32,ACA309,AAL1393,41.96586,-87.81506,2225.0,,,,,,1574874152
2019-11-27 17:02:32,ACA309,AAL1393,,,,,116.0,270.0,-896.0,GS,1574874152
2019-11-27 17:02:32,ACA309,AAL1393,41.96586,-87.81538,2200.0,,,,,,1574874152
2019-11-27 17:02:33,ACA309,AAL1393,,,,,,,,,1574874153
2019-11-27 17:02:33,ACA309,AAL1393,41.96586,-87.81608,2200.0,,,,,,1574874153
2019-11-27 17:02:34,ACA309,AAL1393,,,,,115.0,270.0,-704.0,GS,1574874154
2019-11-27 17:02:34,ACA309,AAL1393,41.96586,-87.81666,2175.0,,,,,,1574874154
2019-11-27 17:02:35,ACA309,AAL1393,,,,,115.0,270.5,-704.0,GS,1574874155
2019-11-27 17:02:36,ACA309,AAL1393,41.96586,-87.81819,2150.0,,,,,,1574874156
2019-11-27 17:02:37,ACA309,AAL1393,,,,,116.0,270.49,-576.0,GS,1574874157
2019-11-27 17:02:39,ACA309,AAL1393,41.96586,-87.81992,2125.0,,,,,,1574874159
2019-11-27 17:02:39,ACA309,AAL1393,,,,,117.0,270.0,-704.0,GS,1574874159
2019-11-27 17:02:39,ACA309,AAL1393,41.96585,-87.8204,2125.0,,,,,,1574874159
2019-11-27 17:02:40,ACA309,AAL1393,,,,,117.0,269.51,-704.0,GS,1574874160
2019-11-27 17:02:40,ACA309,AAL1393,,,,,117.0,269.51,-768.0,GS,1574874160
2019-11-27 17:02:40,ACA309,AAL1393,41.96585,-87.82109,2125.0,,,,,,1574874160
2019-11-27 17:02:41,ACA309,AAL1393,41.96585,-87.8214,2125.0,,,,,,1574874161
2019-11-27 17:02:41,ACA309,AAL1393,,,,,117.0,269.51,-704.0,GS,1574874161
2019-11-27 17:02:41,ACA309,AAL1393,41.96585,-87.82184000000001,2100.0,,,,,,1574874161
2019-11-27 17:02:42,ACA309,AAL1393,,,,,118.0,269.51,-640.0,GS,1574874162
2019-11-27 17:02:42,ACA309,AAL1393,41.96585,-87.82215,2100.0,,,,,,1574874162
2019-11-27 17:02:42,ACA309,AAL1393,,,,,118.0,269.51,-640.0,GS,1574874162
2019-11-27 17:02:42,ACA309,AAL1393,41.96586,-87.8226,2100.0,,,,,,1574874162
2019-11-27 17:02:43,ACA309,AAL1393,,,,,118.0,269.51,-576.0,GS,1574874163
2019-11-27 17:02:43,ACA309,AAL1393,41.96582,-87.82285,2075.0,,,,,,1574874163
2019-11-27 17:02:43,ACA309,AAL1393,,,,,,,,,1574874163
2019-11-27 17:02:43,ACA309,AAL1393,41.96585,-87.82327,2075.0,,,,,,1574874163
2019-11-27 17:02:44,ACA309,AAL1393,,,,,119.0,269.52,-576.0,GS,1574874164
2019-11-27 17:02:44,ACA309,AAL1393,,,,,119.0,269.52,-640.0,GS,1574874164
2019-11-27 17:02:44,ACA309,AAL1393,41.96585,-87.82401999999999,2075.0,,,,,,1574874164
2019-11-27 17:02:45,ACA309,AAL1393,41.96585,-87.82427,2075.0,,,,,,1574874165
2019-11-27 17:02:45,ACA309,AAL1393,,,,,120.0,270.0,-640.0,GS,1574874165
2019-11-27 17:02:45,ACA309,AAL1393,41.96586,-87.82477,2075.0,,,,,,1574874165
2019-11-27 17:02:46,ACA309,AAL1393,,,,,121.0,270.0,-704.0,GS,1574874166
2019-11-27 17:02:46,ACA309,AAL1393,41.96585,-87.82514,2050.0,,,,,,1574874166
2019-11-27 17:02:46,ACA309,AAL1393,,,,,121.0,270.47,-704.0,GS,1574874166
2019-11-27 17:02:47,ACA309,AAL1393,41.96586,-87.82579,2050.0,,,,,,1574874167
2019-11-27 17:02:47,ACA309,AAL1393,,,,,121.0,270.47,-704.0,GS,1574874167
2019-11-27 17:02:47,ACA309,AAL1393,41.96585,-87.82621,2050.0,,,,,,1574874167
2019-11-27 17:02:48,ACA309,AAL1393,,,,,122.0,270.47,-640.0,GS,1574874168
2019-11-27 17:02:48,ACA309,AAL1393,,,,,,,,,1574874168
2019-11-27 17:02:48,ACA309,AAL1393,,,,,122.0,270.47,-640.0,GS,1574874168
2019-11-27 17:02:48,ACA309,AAL1393,41.96586,-87.82713000000001,2025.0,,,,,,1574874168
2019-11-27 17:02:49,ACA309,AAL1393,,,,,123.0,270.47,-576.0,GS,1574874169
2019-11-27 17:02:50,ACA309,AAL1393,,,,,123.0,270.47,-576.0,GS,1574874170
2019-11-27 17:02:50,ACA309,AAL1393,41.96585,-87.82826999999999,2000.0,,,,,,1574874170
2019-11-27 17:02:50,ACA309,AAL1393,41.96586,-87.82866999999999,2000.0,,,,,,1574874170
2019-11-27 17:02:50,ACA309,AAL1393,,,,,123.0,270.93,-640.0,GS,1574874170
2019-11-27 17:02:51,ACA309,AAL1393,,,,,123.0,270.93,-704.0,GS,1574874171
2019-11-27 17:02:52,ACA309,AAL1393,41.96586,-87.82963000000001,2000.0,,,,,,1574874172
2019-11-27 17:02:52,ACA309,AAL1393,,,,,124.0,270.92,-832.0,GS,1574874172
2019-11-27 17:02:52,ACA309,AAL1393,41.9659,-87.83001,1975.0,,,,,,1574874172
2019-11-27 17:02:52,ACA309,AAL1393,,,,,124.0,270.46,-832.0,GS,1574874172
2019-11-27 17:02:53,ACA309,AAL1393,41.96586,-87.83039000000001,1975.0,,,,,,1574874173
2019-11-27 17:02:53,ACA309,AAL1393,,,,,124.0,270.46,-832.0,GS,1574874173
2019-11-27 17:02:54,ACA309,AAL1393,41.96586,-87.83116,1950.0,,,,,,1574874174
2019-11-27 17:02:54,ACA309,AAL1393,41.96586,-87.83154,1950.0,,,,,,1574874174
2019-11-27 17:02:54,ACA309,AAL1393,,,,,124.0,270.0,-576.0,GS,1574874174
2019-11-27 17:02:55,ACA309,AAL1393,41.96586,-87.83185999999999,1950.0,,,,,,1574874175
2019-11-27 17:02:57,ACA309,AAL1393,,,,,123.0,270.0,-640.0,GS,1574874177
2019-11-27 17:02:57,ACA309,AAL1393,,,,,123.0,270.0,-768.0,GS,1574874177
2019-11-27 17:02:58,ACA309,AAL1393,41.9659,-87.83413,1925.0,,,,,,1574874178
2019-11-27 17:02:58,ACA309,AAL1393,,,,,123.0,270.0,-768.0,GS,1574874178
2019-11-27 17:02:58,ACA309,AAL1393,,,,,,,,,1574874178
2019-11-27 17:02:59,ACA309,AAL1393,41.96586,-87.8348,1900.0,,,,,,1574874179
2019-11-27 17:02:59,ACA309,AAL1393,41.96586,-87.83511999999999,1900.0,,,,,,1574874179
2019-11-27 17:02:59,ACA309,AAL1393,,,,,122.0,270.0,-768.0,GS,1574874179
2019-11-27 17:03:00,ACA309,AAL1393,41.96586,-87.83588,1900.0,,,,,,1574874180
2019-11-27 17:03:00,ACA309,AAL1393,,,,,122.0,269.53,-768.0,GS,1574874180
2019-11-27 17:03:00,ACA309,AAL1393,,,,,121.0,269.53,-768.0,GS,1574874180
2019-11-27 17:03:01,ACA309,AAL1393,41.96586,-87.83646,1875.0,,,,,,1574874181
2019-11-27 17:03:01,ACA309,AAL1393,,,,,121.0,269.53,-832.0,GS,1574874181
2019-11-27 17:03:01,ACA309,AAL1393,41.96586,-87.83684000000001,1875.0,,,,,,1574874181
2019-11-27 17:03:02,ACA309,AAL1393,41.9659,-87.83725,1875.0,,,,,,1574874182
2019-11-27 17:03:02,ACA309,AAL1393,,,,,121.0,269.53,-768.0,GS,1574874182
2019-11-27 17:03:02,ACA309,AAL1393,41.96586,-87.83761,1875.0,,,,,,1574874182
2019-11-27 17:03:02,ACA309,AAL1393,,,,,121.0,269.53,-704.0,GS,1574874182
2019-11-27 17:03:03,ACA309,AAL1393,,,,,121.0,269.53,-704.0,GS,1574874183
2019-11-27 17:03:03,ACA309,AAL1393,41.96586,-87.83838,1850.0,,,,,,1574874183
2019-11-27 17:03:04,ACA309,AAL1393,,,,,121.0,269.53,-640.0,GS,1574874184
2019-11-27 17:03:04,ACA309,AAL1393,41.96586,-87.83882,1850.0,,,,,,1574874184
2019-11-27 17:03:04,ACA309,AAL1393,,,,,121.0,269.53,-640.0,GS,1574874184
2019-11-27 17:03:04,ACA309,AAL1393,41.96586,-87.83921,1850.0,,,,,,1574874184
2019-11-27 17:03:04,ACA309,AAL1393,,,,,121.0,269.53,-640.0,GS,1574874184
2019-11-27 17:03:05,ACA309,AAL1393,41.96585,-87.83988000000001,1825.0,,,,,,1574874185
2019-11-27 17:03:06,ACA309,AAL1393,,,,,121.0,270.0,-576.0,GS,1574874186
2019-11-27 17:03:06,ACA309,AAL1393,41.96586,-87.84023,1825.0,,,,,,1574874186
2019-11-27 17:03:06,ACA309,AAL1393,,,,,121.0,270.0,-576.0,GS,1574874186
2019-11-27 17:03:06,ACA309,AAL1393,41.96586,-87.84074,1825.0,,,,,,1574874186
2019-11-27 17:03:07,ACA309,AAL1393,,,,,121.0,270.47,-576.0,GS,1574874187
2019-11-27 17:03:07,ACA309,AAL1393,41.96586,-87.84106,1825.0,,,,,,1574874187
2019-11-27 17:03:07,ACA309,AAL1393,,,,,121.0,270.47,-576.0,GS,1574874187
2019-11-27 17:03:07,ACA309,AAL1393,41.9659,-87.84144,1825.0,,,,,,1574874187
2019-11-27 17:03:07,ACA309,AAL1393,,,,,122.0,270.47,-576.0,GS,1574874187
2019-11-27 17:03:08,ACA309,AAL1393,,,,,122.0,270.47,-576.0,GS,1574874188
2019-11-27 17:03:08,ACA309,AAL1393,41.9659,-87.84206,1800.0,,,,,,1574874188
2019-11-27 17:03:08,ACA309,AAL1393,,,,,,,,,1574874188
2019-11-27 17:03:08,ACA309,AAL1393,,,,,122.0,270.94,-576.0,GS,1574874188
2019-11-27 17:03:09,ACA309,AAL1393,41.96591,-87.8424,1800.0,,,,,,1574874189
2019-11-27 17:03:09,ACA309,AAL1393,41.9659,-87.84281,1800.0,,,,,,1574874189
2019-11-27 17:03:09,ACA309,AAL1393,,,,,122.0,270.94,-768.0,GS,1574874189
2019-11-27 17:03:10,ACA309,AAL1393,41.9659,-87.84362,1775.0,,,,,,1574874190
2019-11-27 17:03:10,ACA309,AAL1393,,,,,122.0,271.41,-896.0,GS,1574874190
2019-11-27 17:03:11,ACA309,AAL1393,41.96591,-87.84432,1775.0,,,,,,1574874191
2019-11-27 17:03:11,ACA309,AAL1393,,,,,122.0,270.94,-768.0,GS,1574874191
2019-11-27 17:03:12,ACA309,AAL1393,41.96591,-87.84508000000001,1750.0,,,,,,1574874192
2019-11-27 17:03:13,ACA309,AAL1393,,,,,122.0,270.47,-576.0,GS,1574874193
2019-11-27 17:03:13,ACA309,AAL1393,41.96591,-87.84591,1750.0,,,,,,1574874193
2019-11-27 17:03:13,ACA309,AAL1393,,,,,,,,,1574874193
2019-11-27 17:03:13,ACA309,AAL1393,,,,,122.0,270.0,-640.0,GS,1574874193
2019-11-27 17:03:14,ACA309,AAL1393,41.9659,-87.84631,1750.0,,,,,,1574874194
2019-11-27 17:03:15,ACA309,AAL1393,41.96591,-87.84713,1725.0,,,,,,1574874195
2019-11-27 17:03:15,ACA309,AAL1393,41.9659,-87.84749000000001,1700.0,,,,,,1574874195
2019-11-27 17:03:16,ACA309,AAL1393,41.96591,-87.84789,1700.0,,,,,,1574874196
2019-11-27 17:03:16,ACA309,AAL1393,41.9659,-87.84824,1700.0,,,,,,1574874196
2019-11-27 17:03:17,ACA309,AAL1393,,,,,122.0,269.53,-576.0,GS,1574874197
2019-11-27 17:03:17,ACA309,AAL1393,,,,,122.0,269.53,-640.0,GS,1574874197
2019-11-27 17:03:17,ACA309,AAL1393,41.9659,-87.84911,1700.0,,,,,,1574874197
2019-11-27 17:03:17,ACA309,AAL1393,,,,,122.0,269.06,-704.0,GS,1574874197
2019-11-27 17:03:18,ACA309,AAL1393,41.96591,-87.84949,1700.0,,,,,,1574874198
2019-11-27 17:03:18,ACA309,AAL1393,41.96586,-87.84975,1700.0,,,,,,1574874198
2019-11-27 17:03:19,ACA309,AAL1393,,,,,122.0,269.06,-768.0,GS,1574874199
2019-11-27 17:03:19,ACA309,AAL1393,41.9659,-87.85018000000001,1675.0,,,,,,1574874199
2019-11-27 17:03:19,ACA309,AAL1393,,,,,122.0,269.06,-832.0,GS,1574874199
2019-11-27 17:03:19,ACA309,AAL1393,41.96586,-87.85051,1675.0,,,,,,1574874199
2019-11-27 17:03:20,ACA309,AAL1393,41.9659,-87.85092,1675.0,,,,,,1574874200
2019-11-27 17:03:20,ACA309,AAL1393,,,,,122.0,269.53,-896.0,GS,1574874200
2019-11-27 17:03:20,ACA309,AAL1393,41.9659,-87.8513,1675.0,,,,,,1574874200
2019-11-27 17:03:21,ACA309,AAL1393,,,,,123.0,270.0,-768.0,GS,1574874201
2019-11-27 17:03:22,ACA309,AAL1393,,,,,122.0,270.47,-576.0,GS,1574874202
2019-11-27 17:03:22,ACA309,AAL1393,41.9659,-87.8528,1625.0,,,,,,1574874202
2019-11-27 17:03:22,ACA309,AAL1393,,,,,122.0,270.47,-576.0,GS,1574874202
2019-11-27 17:03:23,ACA309,AAL1393,41.9659,-87.85311,1625.0,,,,,,1574874203
2019-11-27 17:03:23,ACA309,AAL1393,,,,,122.0,270.47,-640.0,GS,1574874203
2019-11-27 17:03:23,ACA309,AAL1393,,,,,,,,,1574874203
2019-11-27 17:03:23,ACA309,AAL1393,41.96591,-87.85358000000001,1625.0,,,,,,1574874203
2019-11-27 17:03:24,ACA309,AAL1393,,,,,122.0,270.94,-704.0,GS,1574874204
2019-11-27 17:03:24,ACA309,AAL1393,41.9659,-87.85392,1625.0,,,,,,1574874204
2019-11-27 17:03:24,ACA309,AAL1393,,,,,122.0,270.94,-640.0,GS,1574874204
2019-11-27 17:03:24,ACA309,AAL1393,41.96591,-87.85428,1625.0,,,,,,1574874204
2019-11-27 17:03:25,ACA309,AAL1393,41.96591,-87.8546,1600.0,,,,,,1574874205
2019-11-27 17:03:25,ACA309,AAL1393,,,,,122.0,270.94,-704.0,GS,1574874205
2019-11-27 17:03:25,ACA309,AAL1393,41.96591,-87.85505,1600.0,,,,,,1574874205
2019-11-27 17:03:25,ACA309,AAL1393,,,,,121.0,270.47,-704.0,GS,1574874205
2019-11-27 17:03:26,ACA309,AAL1393,41.96591,-87.85537,1600.0,,,,,,1574874206
2019-11-27 17:03:26,ACA309,AAL1393,,,,,121.0,270.47,-704.0,GS,1574874206
2019-11-27 17:03:26,ACA309,AAL1393,41.96591,-87.85575,1600.0,,,,,,1574874206
2019-11-27 17:03:27,ACA309,AAL1393,41.96594,-87.85611,1575.0,,,,,,1574874207
2019-11-27 17:03:27,ACA309,AAL1393,,,,,120.0,270.48,-640.0,GS,1574874207
2019-11-27 17:03:27,ACA309,AAL1393,,,,,119.0,269.52,-704.0,GS,1574874207
2019-11-27 17:03:28,ACA309,AAL1393,,,,,,,,,1574874208
2019-11-27 17:03:29,ACA309,AAL1393,41.9659,-87.85741999999999,1575.0,,,,,,1574874209
2019-11-27 17:03:29,ACA309,AAL1393,,,,,119.0,269.04,-768.0,GS,1574874209
2019-11-27 17:03:29,ACA309,AAL1393,,,,,118.0,269.03,-832.0,GS,1574874209
2019-11-27 17:03:30,ACA309,AAL1393,41.9659,-87.85823,1550.0,,,,,,1574874210
2019-11-27 17:03:30,ACA309,AAL1393,41.9659,-87.85848,1550.0,,,,,,1574874210
2019-11-27 17:03:30,ACA309,AAL1393,,,,,117.0,268.53,-704.0,GS,1574874210
2019-11-27 17:03:30,ACA309,AAL1393,41.9659,-87.85879,1550.0,,,,,,1574874210
2019-11-27 17:03:31,ACA309,AAL1393,,,,,117.0,268.53,-704.0,GS,1574874211
2019-11-27 17:03:31,ACA309,AAL1393,41.96585,-87.85923000000001,1525.0,,,,,,1574874211
2019-11-27 17:03:31,ACA309,AAL1393,,,,,117.0,268.53,-640.0,GS,1574874211
2019-11-27 17:03:31,ACA309,AAL1393,41.96585,-87.85948,1525.0,,,,,,1574874211
2019-11-27 17:03:32,ACA309,AAL1393,,,,,116.0,268.52,-576.0,GS,1574874212
2019-11-27 17:03:32,ACA309,AAL1393,41.96585,-87.85979,1525.0,,,,,,1574874212
2019-11-27 17:03:33,ACA309,AAL1393,41.96585,-87.86072,1525.0,,,,,,1574874213
2019-11-27 17:03:33,ACA309,AAL1393,,,,,115.0,269.0,-576.0,GS,1574874213
2019-11-27 17:03:33,ACA309,AAL1393,41.96585,-87.86097,1500.0,,,,,,1574874213
2019-11-27 17:03:34,ACA309,AAL1393,,,,,115.0,269.0,-704.0,GS,1574874214
2019-11-27 17:03:34,ACA309,AAL1393,41.96586,-87.86131,1500.0,,,,,,1574874214
2019-11-27 17:03:34,ACA309,AAL1393,,,,,114.0,269.5,-704.0,GS,1574874214
2019-11-27 17:03:35,ACA309,AAL1393,,,,,114.0,269.5,-768.0,GS,1574874215
2019-11-27 17:03:36,ACA309,AAL1393,,,,,114.0,270.0,-768.0,GS,1574874216
2019-11-27 17:03:37,ACA309,AAL1393,,,,,114.0,270.5,-704.0,GS,1574874217
2019-11-27 17:03:37,ACA309,AAL1393,41.96585,-87.86335,1475.0,,,,,,1574874217
2019-11-27 17:03:38,ACA309,AAL1393,,,,,115.0,270.5,-704.0,GS,1574874218
2019-11-27 17:03:38,ACA309,AAL1393,,,,,,,,,1574874218
2019-11-27 17:03:39,ACA309,AAL1393,41.96586,-87.86469,1450.0,,,,,,1574874219
2019-11-27 17:03:39,ACA309,AAL1393,,,,,116.0,270.49,-576.0,GS,1574874219
2019-11-27 17:03:40,ACA309,AAL1393,,,,,119.0,269.52,-512.0,GS,1574874220
2019-11-27 17:03:40,ACA309,AAL1393,41.96586,-87.86596999999999,1425.0,,,,,,1574874220
2019-11-27 17:03:41,ACA309,AAL1393,41.96586,-87.86641999999999,1425.0,,,,,,1574874221
2019-11-27 17:03:41,ACA309,AAL1393,,,,,120.0,269.52,-640.0,GS,1574874221
2019-11-27 17:03:42,ACA309,AAL1393,41.96585,-87.86684,1425.0,,,,,,1574874222
2019-11-27 17:03:42,ACA309,AAL1393,,,,,120.0,269.52,-704.0,GS,1574874222
2019-11-27 17:03:42,ACA309,AAL1393,41.96586,-87.86725,1425.0,,,,,,1574874222
2019-11-27 17:03:42,ACA309,AAL1393,,,,,121.0,269.53,-704.0,GS,1574874222
2019-11-27 17:03:43,ACA309,AAL1393,,,,,121.0,269.53,-576.0,GS,1574874223
2019-11-27 17:03:43,ACA309,AAL1393,41.96582,-87.86801,1400.0,,,,,,1574874223
2019-11-27 17:03:44,ACA309,AAL1393,41.96582,-87.86846,1400.0,,,,,,1574874224
2019-11-27 17:03:44,ACA309,AAL1393,41.96581,-87.8689,1400.0,,,,,,1574874224
2019-11-27 17:03:45,ACA309,AAL1393,,,,,121.0,269.53,-512.0,GS,1574874225
2019-11-27 17:03:45,ACA309,AAL1393,41.96582,-87.86929,1400.0,,,,,,1574874225
2019-11-27 17:03:45,ACA309,AAL1393,,,,,121.0,269.53,-512.0,GS,1574874225
2019-11-27 17:03:45,ACA309,AAL1393,41.96581,-87.86965,1375.0,,,,,,1574874225
2019-11-27 17:03:46,ACA309,AAL1393,,,,,121.0,269.53,-704.0,GS,1574874226
2019-11-27 17:03:46,ACA309,AAL1393,41.96582,-87.87044,1375.0,,,,,,1574874226
2019-11-27 17:03:47,ACA309,AAL1393,,,,,121.0,269.53,-704.0,GS,1574874227
2019-11-27 17:03:48,ACA309,AAL1393,,,,,,,,,1574874228
2019-11-27 17:03:48,ACA309,AAL1393,,,,,120.0,270.0,-640.0,GS,1574874228
2019-11-27 17:03:49,ACA309,AAL1393,,,,,120.0,270.0,-704.0,GS,1574874229
2019-11-27 17:03:49,ACA309,AAL1393,41.96582,-87.87236,1350.0,,,,,,1574874229
2019-11-27 17:03:50,ACA309,AAL1393,,,,,120.0,270.0,-640.0,GS,1574874230
2019-11-27 17:03:51,ACA309,AAL1393,41.96581,-87.87358,1325.0,,,,,,1574874231
2019-11-27 17:03:51,ACA309,AAL1393,41.96582,-87.87402,1325.0,,,,,,1574874231
2019-11-27 17:03:52,ACA309,AAL1393,41.96582,-87.87434,1325.0,,,,,,1574874232
2019-11-27 17:03:52,ACA309,AAL1393,,,,,119.0,269.52,-576.0,GS,1574874232
2019-11-27 17:03:52,ACA309,AAL1393,,,,,118.0,269.51,-640.0,GS,1574874232
2019-11-27 17:03:53,ACA309,AAL1393,,,,,118.0,269.51,-640.0,GS,1574874233
2019-11-27 17:03:53,ACA309,AAL1393,,,,,118.0,269.51,-640.0,GS,1574874233
2019-11-27 17:03:53,ACA309,AAL1393,41.96582,-87.87561,1300.0,,,,,,1574874233
2019-11-27 17:03:54,ACA309,AAL1393,,,,,118.0,270.0,-640.0,GS,1574874234
2019-11-27 17:03:54,ACA309,AAL1393,41.96581,-87.87633000000001,1300.0,,,,,,1574874234
2019-11-27 17:03:54,ACA309,AAL1393,,,,,117.0,270.0,-640.0,GS,1574874234
2019-11-27 17:03:55,ACA309,AAL1393,41.96581,-87.87695,1275.0,,,,,,1574874235
2019-11-27 17:03:56,ACA309,AAL1393,41.96581,-87.8772,1275.0,,,,,,1574874236
2019-11-27 17:03:56,ACA309,AAL1393,,,,,117.0,270.0,-640.0,GS,1574874236
2019-11-27 17:03:57,ACA309,AAL1393,41.96582,-87.87817,1275.0,,,,,,1574874237
2019-11-27 17:03:57,ACA309,AAL1393,41.96582,-87.87849,1250.0,,,,,,1574874237
2019-11-27 17:03:58,ACA309,AAL1393,,,,,,,,,1574874238
2019-11-27 17:03:58,ACA309,AAL1393,,,,,116.0,270.0,-512.0,GS,1574874238
2019-11-27 17:03:58,ACA309,AAL1393,41.96581,-87.87914,1250.0,,,,,,1574874238
2019-11-27 17:03:59,ACA309,AAL1393,,,,,116.0,270.0,-576.0,GS,1574874239
2019-11-27 17:03:59,ACA309,AAL1393,41.96581,-87.87976,1250.0,,,,,,1574874239
2019-11-27 17:03:59,ACA309,AAL1393,,,,,116.0,270.0,-640.0,GS,1574874239
2019-11-27 17:04:00,ACA309,AAL1393,41.96582,-87.88009,1250.0,,,,,,1574874240
2019-11-27 17:04:00,ACA309,AAL1393,,,,,116.0,270.0,-704.0,GS,1574874240
2019-11-27 17:04:01,ACA309,AAL1393,41.96581,-87.88095,1225.0,,,,,,1574874241
2019-11-27 17:04:01,ACA309,AAL1393,,,,,115.0,270.0,-704.0,GS,1574874241
2019-11-27 17:04:04,ACA309,AAL1393,41.96581,-87.88332,1200.0,,,,,,1574874244
2019-11-27 17:04:04,ACA309,AAL1393,,,,,115.0,269.5,-576.0,GS,1574874244
2019-11-27 17:04:05,ACA309,AAL1393,,,,,115.0,269.5,-512.0,GS,1574874245
2019-11-27 17:04:05,ACA309,AAL1393,41.96582,-87.88424,1175.0,,,,,,1574874245
2019-11-27 17:04:06,ACA309,AAL1393,,,,,115.0,269.5,-384.0,GS,1574874246
2019-11-27 17:04:08,ACA309,AAL1393,,,,,117.0,269.51,-640.0,GS,1574874248
2019-11-27 17:04:08,ACA309,AAL1393,,,,,,,,,1574874248
2019-11-27 17:04:10,ACA309,AAL1393,,,,,119.0,270.0,-768.0,GS,1574874250
2019-11-27 17:04:10,ACA309,AAL1393,41.96577,-87.88762,1125.0,,,,,,1574874250
2019-11-27 17:04:12,ACA309,AAL1393,41.96577,-87.88877,1125.0,,,,,,1574874252
2019-11-27 17:04:13,ACA309,AAL1393,,,,,120.0,270.0,-704.0,GS,1574874253
2019-11-27 17:04:13,ACA309,AAL1393,,,,,,,,,1574874253
2019-11-27 17:04:13,ACA309,AAL1393,41.96577,-87.89005,1100.0,,,,,,1574874253
2019-11-27 17:04:13,ACA309,AAL1393,,,,,120.0,270.0,-768.0,GS,1574874253
2019-11-27 17:04:14,ACA309,AAL1393,,,,,120.0,270.0,-704.0,GS,1574874254
2019-11-27 17:04:16,ACA309,AAL1393,,,,,121.0,269.53,-512.0,GS,1574874256
2019-11-27 17:04:17,ACA309,AAL1393,41.96577,-87.89299,1050.0,,,,,,1574874257
2019-11-27 17:04:18,ACA309,AAL1393,,,,,123.0,269.07,-448.0,GS,1574874258
2019-11-27 17:04:21,ACA309,AAL1393,41.96577,-87.89573,1000.0,,,,,,1574874261
2019-11-27 17:04:21,ACA309,AAL1393,41.96577,-87.89599,1000.0,,,,,,1574874261
2019-11-27 17:04:22,ACA309,AAL1393,41.965759999999996,-87.89636999999999,1000.0,,,,,,1574874262
2019-11-27 17:04:22,ACA309,AAL1393,,,,,124.0,269.54,-320.0,GS,1574874262
2019-11-27 17:04:22,ACA309,AAL1393,,,,,123.0,270.0,-320.0,GS,1574874262
2019-11-27 17:04:23,ACA309,AAL1393,41.96577,-87.89714000000001,1000.0,,,,,,1574874263
2019-11-27 17:04:25,ACA309,AAL1393,41.965759999999996,-87.89868,1000.0,,,,,,1574874265
2019-11-27 17:04:25,ACA309,AAL1393,,,,,120.0,270.0,-192.0,GS,1574874265
2019-11-27 17:04:28,ACA309,AAL1393,,,,,,,,,1574874268
2019-11-27 17:04:30,ACA309,AAL1393,,,,,102.0,268.88,-128.0,GS,1574874270
2019-11-27 17:04:31,ACA309,AAL1393,,,,,98.0,269.42,-128.0,GS,1574874271
2019-11-27 17:04:31,ACA309,AAL1393,41.965759999999996,-87.90298,950.0,,,,,,1574874271
2019-11-27 17:04:32,ACA309,AAL1393,,,,,94.0,270.0,-128.0,GS,1574874272
2019-11-27 17:04:32,ACA309,AAL1393,41.965759999999996,-87.90323000000001,950.0,,,,,,1574874272
2019-11-27 17:04:32,ACA309,AAL1393,,,,,90.0,270.0,-128.0,GS,1574874272
2019-11-27 17:04:35,ACA309,AAL1393,,,,,77.0,269.26,-128.0,GS,1574874275
2019-11-27 17:04:37,ACA309,AAL1393,41.965759999999996,-87.90548000000001,975.0,,,,,,1574874277
2019-11-27 17:04:37,ACA309,AAL1393,,,,,73.0,269.22,-128.0,GS,1574874277
2019-11-27 17:04:37,ACA309,AAL1393,41.965759999999996,-87.90567,975.0,,,,,,1574874277
2019-11-27 17:04:37,ACA309,AAL1393,,,,,69.0,270.0,-192.0,GS,1574874277
2019-11-27 17:04:38,ACA309,AAL1393,41.96575,-87.90586,,,,,,,1574874278
2019-11-27 17:04:38,ACA309,AAL1393,,,,,,,,,1574874278
2019-11-27 17:04:39,ACA309,AAL1393,41.96575,-87.90621,,,,,,,1574874279
2019-11-27 17:04:40,ACA309,AAL1393,41.965759999999996,-87.90675,,,,,,,1574874280
2019-11-27 17:04:43,ACA309,AAL1393,,,,,,,,,1574874283
2019-11-27 17:04:44,ACA309,AAL1393,41.96577,-87.9081,,,,,,,1574874284
2019-11-27 17:04:45,ACA309,AAL1393,41.96577,-87.90848000000001,,,,,,,1574874285
2019-11-27 17:04:49,ACA309,AAL1393,41.96577,-87.90959000000001,,,,,,,1574874289
2019-11-27 17:04:50,ACA309,AAL1393,41.96577,-87.90988,,,,,,,1574874290
2019-11-27 17:04:50,ACA309,AAL1393,41.96577,-87.91019,,,,,,,1574874290
2019-11-27 17:04:58,ACA309,AAL1393,,,,,,,,,1574874298
2019-11-27 17:05:00,ACA309,AAL1393,41.965920000000004,-87.91247,,,,,,,1574874300
2019-11-27 17:05:05,ACA309,AAL1393,41.96606,-87.91327,,,,,,,1574874305
2019-11-27 17:05:05,ACA309,AAL1393,41.9661,-87.9134,,,,,,,1574874305
2019-11-27 17:05:06,ACA309,AAL1393,41.96615,-87.91358000000001,,,,,,,1574874306
2019-11-27 17:05:13,ACA309,AAL1393,41.96648,-87.91455,,,,,,,1574874313
2019-11-27 17:05:13,ACA309,AAL1393,,,,,,,,,1574874313
2019-11-27 17:05:13,ACA309,AAL1393,41.9665,-87.91459,,,,,,,1574874313
2019-11-27 17:05:14,ACA309,AAL1393,41.966570000000004,-87.9147,,,,,,,1574874314
2019-11-27 17:05:15,ACA309,AAL1393,41.96663,-87.9148,,,,,,,1574874315
2019-11-27 17:05:17,ACA309,AAL1393,41.96678,-87.91493,,,,,,,1574874317
2019-11-27 17:05:18,ACA309,AAL1393,41.966809999999995,-87.91495,,,,,,,1574874318
2019-11-27 17:05:18,ACA309,AAL1393,,,,,,,,,1574874318
2019-11-27 17:05:20,ACA309,AAL1393,41.96697,-87.915,,,,,,,1574874320
2019-11-27 17:05:22,ACA309,AAL1393,41.96717,-87.91490999999999,,,,,,,1574874322
2019-11-27 17:05:24,ACA309,AAL1393,41.96725,-87.91485,,,,,,,1574874324
2019-11-27 17:05:29,ACA309,AAL1393,41.9674,-87.91441,,,,,,,1574874329
2019-11-27 17:05:33,ACA309,AAL1393,41.96739,-87.91407,,,,,,,1574874333
2019-11-27 17:05:33,ACA309,AAL1393,41.96738,-87.91396999999999,,,,,,,1574874333
2019-11-27 17:05:34,ACA309,AAL1393,41.96739,-87.91394,,,,,,,1574874334
2019-11-27 17:05:40,ACA309,AAL1393,41.96739,-87.91338,,,,,,,1574874340
2019-11-27 17:05:53,ACA309,AAL1393,,,,,,,,,1574874353
2019-11-27 17:05:53,ACA309,AAL1393,41.9674,-87.91115,,,,,,,1574874353
2019-11-27 17:05:55,ACA309,AAL1393,41.96741,-87.91085,,,,,,,1574874355
2019-11-27 17:05:57,ACA309,AAL1393,41.9674,-87.91039,,,,,,,1574874357
2019-11-27 17:06:02,ACA309,AAL1393,41.9674,-87.90930999999999,,,,,,,1574874362
2019-11-27 17:06:05,ACA309,AAL1393,41.96741,-87.9086,,,,,,,1574874365
2019-11-27 17:06:08,ACA309,AAL1393,,,,,,,,,1574874368
2019-11-27 17:06:08,ACA309,AAL1393,41.96741,-87.90809,,,,,,,1574874368
2019-11-27 17:06:08,ACA309,AAL1393,41.96741,-87.90799,,,,,,,1574874368
2019-11-27 17:06:09,ACA309,AAL1393,41.96741,-87.90788,,,,,,,1574874369
2019-11-27 17:06:10,ACA309,AAL1393,41.9674,-87.90765999999999,,,,,,,1574874370
2019-11-27 17:06:11,ACA309,AAL1393,41.9674,-87.90748,,,,,,,1574874371
2019-11-27 17:06:12,ACA309,AAL1393,41.9674,-87.90728,,,,,,,1574874372
2019-11-27 17:06:14,ACA309,AAL1393,41.9674,-87.90675,,,,,,,1574874374
2019-11-27 17:06:15,ACA309,AAL1393,41.9674,-87.90666999999999,,,,,,,1574874375
2019-11-27 17:06:17,ACA309,AAL1393,41.9674,-87.90626,,,,,,,1574874377
2019-11-27 17:06:18,ACA309,AAL1393,41.9674,-87.90602,,,,,,,1574874378
2019-11-27 17:06:18,ACA309,AAL1393,41.96741,-87.90597,,,,,,,1574874378
2019-11-27 17:06:19,ACA309,AAL1393,41.96741,-87.90587,,,,,,,1574874379
2019-11-27 17:06:20,ACA309,AAL1393,41.9674,-87.90567,,,,,,,1574874380
2019-11-27 17:06:20,ACA309,AAL1393,41.96741,-87.90556,,,,,,,1574874380
2019-11-27 17:06:21,ACA309,AAL1393,41.9674,-87.90545999999999,,,,,,,1574874381
2019-11-27 17:06:23,ACA309,AAL1393,41.96741,-87.90503000000001,,,,,,,1574874383
2019-11-27 17:06:31,ACA309,AAL1393,41.96741,-87.90321,,,,,,,1574874391
2019-11-27 17:06:35,ACA309,AAL1393,41.96741,-87.90225,,,,,,,1574874395
2019-11-27 17:06:40,ACA309,AAL1393,41.96741,-87.90124,,,,,,,1574874400
2019-11-27 17:06:41,ACA309,AAL1393,41.96741,-87.90105,,,,,,,1574874401
2019-11-27 17:06:41,ACA309,AAL1393,41.96741,-87.90094,,,,,,,1574874401
2019-11-27 17:06:43,ACA309,AAL1393,41.967420000000004,-87.90064,,,,,,,1574874403
2019-11-27 17:06:44,ACA309,AAL1393,41.96741,-87.90041,,,,,,,1574874404
2019-11-27 17:06:47,ACA309,AAL1393,41.96741,-87.89963,,,,,,,1574874407
2019-11-27 17:06:49,ACA309,AAL1393,41.96741,-87.89928,,,,,,,1574874409
2019-11-27 17:06:57,ACA309,AAL1393,41.967420000000004,-87.89752,,,,,,,1574874417
2019-11-27 17:06:58,ACA309,AAL1393,41.967420000000004,-87.89741,,,,,,,1574874418
2019-11-27 17:07:01,ACA309,AAL1393,41.967420000000004,-87.89676999999999,,,,,,,1574874421
2019-11-27 17:07:07,ACA309,AAL1393,41.967420000000004,-87.89529,,,,,,,1574874427
2019-11-27 17:07:08,ACA309,AAL1393,,,,,,,,,1574874428
2019-11-27 17:07:08,ACA309,AAL1393,41.967420000000004,-87.89506999999999,,,,,,,1574874428
2019-11-27 17:07:09,ACA309,AAL1393,41.967420000000004,-87.89487,,,,,,,1574874429
2019-11-27 17:07:15,ACA309,AAL1393,41.967420000000004,-87.8936,,,,,,,1574874435
2019-11-27 17:07:17,ACA309,AAL1393,41.967420000000004,-87.89329000000001,,,,,,,1574874437
2019-11-27 17:07:20,ACA309,AAL1393,41.96743,-87.89253000000001,,,,,,,1574874440
2019-11-27 17:08:20,ACA309,AAL1393,41.97033,-87.89072,,,,,,,1574874500
2019-11-27 17:11:28,ACA309,AAL1393,,,,,,,,,1574874688
2019-11-27 17:11:39,ACA309,AAL1393,41.971059999999994,-87.89439,,,,,,,1574874699
2019-11-27 17:12:07,ACA309,AAL1393,41.97125,-87.89438,,,,,,,1574874727
2019-11-27 17:12:08,ACA309,AAL1393,,,,,,,,,1574874728
2019-11-27 17:12:08,ACA309,AAL1393,41.97125,-87.89438,,,,,,,1574874728
